id_base,id_department,icd9,icd10,find
1,Surg & Ortho,9944,Z242,Z242|9944
2,Surg & Ortho,9938,Z235,Z235|9938
3,Surg & Ortho,9859,N209,N209|9859
4,Surg & Ortho,9852,N209,N209|9852
5,Surg & Ortho,9851,N209,N209|9851
6,Surg & Ortho,9789,Z480,Z480|9789
7,Surg & Ortho,9788,Z478,Z478|9788
8,Surg & Ortho,9714,Z478,Z478|9714
9,Surg & Ortho,9712,Z478,Z478|9712
10,Surg & Ortho,9711,Z478,Z478|9711
11,Surg & Ortho,9357,Z480,Z480|9357
12,Surg & Ortho,8894,S832,S832|8894
13,Surg & Ortho,8894,S835,S835|8894
14,Surg & Ortho,8894,S8351,S8351|8894
15,Surg & Ortho,8891,I618,I618|8891
16,Surg & Ortho,8891,S065,S065|8891
17,Surg & Ortho,8891,S0650,S0650|8891
18,Surg & Ortho,8891,S0651,S0651|8891
19,Surg & Ortho,8891,S069,S069|8891
20,Surg & Ortho,8891,S0690,S0690|8891
21,Surg & Ortho,8891,S0691,S0691|8891
22,Surg & Ortho,8891,S098,S098|8891
23,Surg & Ortho,8879,N390,N390|8879
24,Surg & Ortho,8876,K358,K358|8876
25,Surg & Ortho,8876,N201,N201|8876
26,Surg & Ortho,8876,N390,N390|8876
27,Surg & Ortho,8876,N40,N40|8876
28,Surg & Ortho,8875,N390,N390|8875
29,Surg & Ortho,8875,N40,N40|8875
30,Surg & Ortho,8873,N601,N601|8873
31,Surg & Ortho,8873,N61,N61|8873
32,Surg & Ortho,8873,N63,N63|8873
33,Surg & Ortho,8873,R92,R92|8873
34,Surg & Ortho,8827,S800,S800|8827
35,Surg & Ortho,8827,S801,S801|8827
36,Surg & Ortho,8827,S807,S807|8827
37,Surg & Ortho,8827,S808,S808|8827
38,Surg & Ortho,8827,S8083,S8083|8827
39,Surg & Ortho,8827,S809,S809|8827
40,Surg & Ortho,8771,N202,N202|8771
41,Surg & Ortho,8744,R92,R92|8744
42,Surg & Ortho,8744,S201,S201|8744
43,Surg & Ortho,8744,S223,S223|8744
44,Surg & Ortho,8744,S2230,S2230|8744
45,Surg & Ortho,8744,S2231,S2231|8744
46,Surg & Ortho,8744,S224,S224|8744
47,Surg & Ortho,8744,S2240,S2240|8744
48,Surg & Ortho,8744,S2241,S2241|8744
49,Surg & Ortho,8743,S223,S223|8743
50,Surg & Ortho,8743,S2230,S2230|8743
51,Surg & Ortho,8743,S2231,S2231|8743
52,Surg & Ortho,8743,S224,S224|8743
53,Surg & Ortho,8743,S2240,S2240|8743
54,Surg & Ortho,8743,S2241,S2241|8743
55,Surg & Ortho,8737,N600,N600|8737
56,Surg & Ortho,8737,N61,N61|8737
57,Surg & Ortho,8737,N63,N63|8737
58,Surg & Ortho,8737,R92,R92|8737
59,Surg & Ortho,8703,I618,I618|8703
60,Surg & Ortho,8703,S065,S065|8703
61,Surg & Ortho,8703,S0650,S0650|8703
62,Surg & Ortho,8703,S0651,S0651|8703
63,Surg & Ortho,8703,S069,S069|8703
64,Surg & Ortho,8703,S0690,S0690|8703
65,Surg & Ortho,8703,S0691,S0691|8703
66,Surg & Ortho,8703,S098,S098|8703
67,Surg & Ortho,8659,S611,S611|8659
68,Surg & Ortho,8659,S810,S810|8659
69,Surg & Ortho,8659,S817,S817|8659
70,Surg & Ortho,8659,S818,S818|8659
71,Surg & Ortho,8659,S819,S819|8659
72,Surg & Ortho,8659,Z480,Z480|8659
73,Surg & Ortho,8628,Z480,Z480|8628
74,Surg & Ortho,8623,S601,S601|8623
75,Surg & Ortho,8611,R220,R220|8611
76,Surg & Ortho,8611,R221,R221|8611
77,Surg & Ortho,8611,R222,R222|8611
78,Surg & Ortho,8611,R223,R223|8611
79,Surg & Ortho,8611,R224,R224|8611
80,Surg & Ortho,8611,R227,R227|8611
81,Surg & Ortho,8611,R229,R229|8611
82,Surg & Ortho,8604,L02,L02|8604
83,Surg & Ortho,8604,L020,L020|8604
84,Surg & Ortho,8604,L021,L021|8604
85,Surg & Ortho,8604,L022,L022|8604
86,Surg & Ortho,8604,L023,L023|8604
87,Surg & Ortho,8604,L024,L024|8604
88,Surg & Ortho,8604,L028,L028|8604
89,Surg & Ortho,8604,L029,L029|8604
90,Surg & Ortho,8601,L60,L60|8601
91,Surg & Ortho,8601,L600,L600|8601
92,Surg & Ortho,8601,L601,L601|8601
93,Surg & Ortho,8601,L602,L602|8601
94,Surg & Ortho,8601,L603,L603|8601
95,Surg & Ortho,8601,L604,L604|8601
96,Surg & Ortho,8601,L605,L605|8601
97,Surg & Ortho,8601,L608,L608|8601
98,Surg & Ortho,8601,L609,L609|8601
99,Surg & Ortho,8591,N603,N603|8591
100,Surg & Ortho,8591,N61,N61|8591
101,Surg & Ortho,8521,N602,N602|8521
102,Surg & Ortho,8521,N63,N63|8521
103,Surg & Ortho,8401,R02,R02|8401
104,Surg & Ortho,8221,M674,M674|8221
105,Surg & Ortho,8152,S720,S720|8152
106,Surg & Ortho,8152,S7200,S7200|8152
107,Surg & Ortho,8152,S7201,S7201|8152
108,Surg & Ortho,8152,S721,S721|8152
109,Surg & Ortho,8152,S7210,S7210|8152
110,Surg & Ortho,8152,S7211,S7211|8152
111,Surg & Ortho,8152,S722,S722|8152
112,Surg & Ortho,8152,S7220,S7220|8152
113,Surg & Ortho,8152,S7221,S7221|8152
114,Surg & Ortho,8152,S723,S723|8152
115,Surg & Ortho,8152,S7230,S7230|8152
116,Surg & Ortho,8152,S7231,S7231|8152
117,Surg & Ortho,8152,S724,S724|8152
118,Surg & Ortho,8152,S7240,S7240|8152
119,Surg & Ortho,8152,S72400,S72400|8152
120,Surg & Ortho,8152,S72401,S72401|8152
121,Surg & Ortho,8152,S72402,S72402|8152
122,Surg & Ortho,8152,S72403,S72403|8152
123,Surg & Ortho,8152,S72404,S72404|8152
124,Surg & Ortho,8152,S72405,S72405|8152
125,Surg & Ortho,8152,S72406,S72406|8152
126,Surg & Ortho,8152,S72407,S72407|8152
127,Surg & Ortho,8152,S72408,S72408|8152
128,Surg & Ortho,8152,S72409,S72409|8152
129,Surg & Ortho,8152,S7241,S7241|8152
130,Surg & Ortho,8152,S727,S727|8152
131,Surg & Ortho,8152,S7270,S7270|8152
132,Surg & Ortho,8152,S7271,S7271|8152
133,Surg & Ortho,8152,S728,S728|8152
134,Surg & Ortho,8152,S7280,S7280|8152
135,Surg & Ortho,8152,S7281,S7281|8152
136,Surg & Ortho,8152,S729,S729|8152
137,Surg & Ortho,8152,S7290,S7290|8152
138,Surg & Ortho,8152,S7291,S7291|8152
139,Surg & Ortho,8149,M230,M230|8149
140,Surg & Ortho,8149,M2300,M2300|8149
141,Surg & Ortho,8149,M2301,M2301|8149
142,Surg & Ortho,8149,M2302,M2302|8149
143,Surg & Ortho,8149,M2303,M2303|8149
144,Surg & Ortho,8149,M2304,M2304|8149
145,Surg & Ortho,8149,M2305,M2305|8149
146,Surg & Ortho,8149,M2306,M2306|8149
147,Surg & Ortho,8149,M2309,M2309|8149
148,Surg & Ortho,8149,M231,M231|8149
149,Surg & Ortho,8149,M2310,M2310|8149
150,Surg & Ortho,8149,M2311,M2311|8149
151,Surg & Ortho,8149,M2312,M2312|8149
152,Surg & Ortho,8149,M2313,M2313|8149
153,Surg & Ortho,8149,M2314,M2314|8149
154,Surg & Ortho,8149,M2315,M2315|8149
155,Surg & Ortho,8149,M2316,M2316|8149
156,Surg & Ortho,8149,M2319,M2319|8149
157,Surg & Ortho,8149,M232,M232|8149
158,Surg & Ortho,8149,M2320,M2320|8149
159,Surg & Ortho,8149,M2321,M2321|8149
160,Surg & Ortho,8149,M2322,M2322|8149
161,Surg & Ortho,8149,M2323,M2323|8149
162,Surg & Ortho,8149,M2324,M2324|8149
163,Surg & Ortho,8149,M2325,M2325|8149
164,Surg & Ortho,8149,M2326,M2326|8149
165,Surg & Ortho,8149,M2329,M2329|8149
166,Surg & Ortho,8149,M233,M233|8149
167,Surg & Ortho,8149,M2330,M2330|8149
168,Surg & Ortho,8149,M2331,M2331|8149
169,Surg & Ortho,8149,M2332,M2332|8149
170,Surg & Ortho,8149,M2333,M2333|8149
171,Surg & Ortho,8149,M2334,M2334|8149
172,Surg & Ortho,8149,M2335,M2335|8149
173,Surg & Ortho,8149,M2336,M2336|8149
174,Surg & Ortho,8149,M2339,M2339|8149
175,Surg & Ortho,8149,M234,M234|8149
176,Surg & Ortho,8149,M2340,M2340|8149
177,Surg & Ortho,8149,M2349,M2349|8149
178,Surg & Ortho,8149,M235,M235|8149
179,Surg & Ortho,8149,M2350,M2350|8149
180,Surg & Ortho,8149,M2351,M2351|8149
181,Surg & Ortho,8149,M2352,M2352|8149
182,Surg & Ortho,8149,M2353,M2353|8149
183,Surg & Ortho,8149,M2354,M2354|8149
184,Surg & Ortho,8149,M2355,M2355|8149
185,Surg & Ortho,8149,M2356,M2356|8149
186,Surg & Ortho,8149,M2357,M2357|8149
187,Surg & Ortho,8149,M2359,M2359|8149
188,Surg & Ortho,8149,M236,M236|8149
189,Surg & Ortho,8149,M2360,M2360|8149
190,Surg & Ortho,8149,M2361,M2361|8149
191,Surg & Ortho,8149,M2362,M2362|8149
192,Surg & Ortho,8149,M2363,M2363|8149
193,Surg & Ortho,8149,M2364,M2364|8149
194,Surg & Ortho,8149,M2367,M2367|8149
195,Surg & Ortho,8149,M2369,M2369|8149
196,Surg & Ortho,8149,M238,M238|8149
197,Surg & Ortho,8149,M2380,M2380|8149
198,Surg & Ortho,8149,M2381,M2381|8149
199,Surg & Ortho,8149,M2382,M2382|8149
200,Surg & Ortho,8149,M2383,M2383|8149
201,Surg & Ortho,8149,M2384,M2384|8149
202,Surg & Ortho,8149,M2385,M2385|8149
203,Surg & Ortho,8149,M2386,M2386|8149
204,Surg & Ortho,8149,M2387,M2387|8149
205,Surg & Ortho,8149,M2389,M2389|8149
206,Surg & Ortho,8149,M239,M239|8149
207,Surg & Ortho,8149,M2390,M2390|8149
208,Surg & Ortho,8149,M2391,M2391|8149
209,Surg & Ortho,8149,M2392,M2392|8149
210,Surg & Ortho,8149,M2393,M2393|8149
211,Surg & Ortho,8149,M2394,M2394|8149
212,Surg & Ortho,8149,M2395,M2395|8149
213,Surg & Ortho,8149,M2396,M2396|8149
214,Surg & Ortho,8149,M2397,M2397|8149
215,Surg & Ortho,8149,M2399,M2399|8149
216,Surg & Ortho,8147,M230,M230|8147
217,Surg & Ortho,8147,M2300,M2300|8147
218,Surg & Ortho,8147,M2301,M2301|8147
219,Surg & Ortho,8147,M2302,M2302|8147
220,Surg & Ortho,8147,M2303,M2303|8147
221,Surg & Ortho,8147,M2304,M2304|8147
222,Surg & Ortho,8147,M2305,M2305|8147
223,Surg & Ortho,8147,M2306,M2306|8147
224,Surg & Ortho,8147,M2309,M2309|8147
225,Surg & Ortho,8147,M231,M231|8147
226,Surg & Ortho,8147,M2310,M2310|8147
227,Surg & Ortho,8147,M2311,M2311|8147
228,Surg & Ortho,8147,M2312,M2312|8147
229,Surg & Ortho,8147,M2313,M2313|8147
230,Surg & Ortho,8147,M2314,M2314|8147
231,Surg & Ortho,8147,M2315,M2315|8147
232,Surg & Ortho,8147,M2316,M2316|8147
233,Surg & Ortho,8147,M2319,M2319|8147
234,Surg & Ortho,8147,M232,M232|8147
235,Surg & Ortho,8147,M2320,M2320|8147
236,Surg & Ortho,8147,M2321,M2321|8147
237,Surg & Ortho,8147,M2322,M2322|8147
238,Surg & Ortho,8147,M2323,M2323|8147
239,Surg & Ortho,8147,M2324,M2324|8147
240,Surg & Ortho,8147,M2325,M2325|8147
241,Surg & Ortho,8147,M2326,M2326|8147
242,Surg & Ortho,8147,M2329,M2329|8147
243,Surg & Ortho,8147,M233,M233|8147
244,Surg & Ortho,8147,M2330,M2330|8147
245,Surg & Ortho,8147,M2331,M2331|8147
246,Surg & Ortho,8147,M2332,M2332|8147
247,Surg & Ortho,8147,M2333,M2333|8147
248,Surg & Ortho,8147,M2334,M2334|8147
249,Surg & Ortho,8147,M2335,M2335|8147
250,Surg & Ortho,8147,M2336,M2336|8147
251,Surg & Ortho,8147,M2339,M2339|8147
252,Surg & Ortho,8147,M234,M234|8147
253,Surg & Ortho,8147,M2340,M2340|8147
254,Surg & Ortho,8147,M2349,M2349|8147
255,Surg & Ortho,8147,M235,M235|8147
256,Surg & Ortho,8147,M2350,M2350|8147
257,Surg & Ortho,8147,M2351,M2351|8147
258,Surg & Ortho,8147,M2352,M2352|8147
259,Surg & Ortho,8147,M2353,M2353|8147
260,Surg & Ortho,8147,M2354,M2354|8147
261,Surg & Ortho,8147,M2355,M2355|8147
262,Surg & Ortho,8147,M2356,M2356|8147
263,Surg & Ortho,8147,M2357,M2357|8147
264,Surg & Ortho,8147,M2359,M2359|8147
265,Surg & Ortho,8147,M236,M236|8147
266,Surg & Ortho,8147,M2360,M2360|8147
267,Surg & Ortho,8147,M2361,M2361|8147
268,Surg & Ortho,8147,M2362,M2362|8147
269,Surg & Ortho,8147,M2363,M2363|8147
270,Surg & Ortho,8147,M2364,M2364|8147
271,Surg & Ortho,8147,M2367,M2367|8147
272,Surg & Ortho,8147,M2369,M2369|8147
273,Surg & Ortho,8147,M238,M238|8147
274,Surg & Ortho,8147,M2380,M2380|8147
275,Surg & Ortho,8147,M2381,M2381|8147
276,Surg & Ortho,8147,M2382,M2382|8147
277,Surg & Ortho,8147,M2383,M2383|8147
278,Surg & Ortho,8147,M2384,M2384|8147
279,Surg & Ortho,8147,M2385,M2385|8147
280,Surg & Ortho,8147,M2386,M2386|8147
281,Surg & Ortho,8147,M2387,M2387|8147
282,Surg & Ortho,8147,M2389,M2389|8147
283,Surg & Ortho,8147,M239,M239|8147
284,Surg & Ortho,8147,M2390,M2390|8147
285,Surg & Ortho,8147,M2391,M2391|8147
286,Surg & Ortho,8147,M2392,M2392|8147
287,Surg & Ortho,8147,M2393,M2393|8147
288,Surg & Ortho,8147,M2394,M2394|8147
289,Surg & Ortho,8147,M2395,M2395|8147
290,Surg & Ortho,8147,M2396,M2396|8147
291,Surg & Ortho,8147,M2397,M2397|8147
292,Surg & Ortho,8147,M2399,M2399|8147
293,Surg & Ortho,8147,S223,S223|8147
294,Surg & Ortho,8147,S2230,S2230|8147
295,Surg & Ortho,8147,S2231,S2231|8147
296,Surg & Ortho,8147,S224,S224|8147
297,Surg & Ortho,8147,S2240,S2240|8147
298,Surg & Ortho,8147,S2241,S2241|8147
299,Surg & Ortho,8147,S832,S832|8147
300,Surg & Ortho,8146,M230,M230|8146
301,Surg & Ortho,8146,M2300,M2300|8146
302,Surg & Ortho,8146,M2301,M2301|8146
303,Surg & Ortho,8146,M2302,M2302|8146
304,Surg & Ortho,8146,M2303,M2303|8146
305,Surg & Ortho,8146,M2304,M2304|8146
306,Surg & Ortho,8146,M2305,M2305|8146
307,Surg & Ortho,8146,M2306,M2306|8146
308,Surg & Ortho,8146,M2309,M2309|8146
309,Surg & Ortho,8146,M231,M231|8146
310,Surg & Ortho,8146,M2310,M2310|8146
311,Surg & Ortho,8146,M2311,M2311|8146
312,Surg & Ortho,8146,M2312,M2312|8146
313,Surg & Ortho,8146,M2313,M2313|8146
314,Surg & Ortho,8146,M2314,M2314|8146
315,Surg & Ortho,8146,M2315,M2315|8146
316,Surg & Ortho,8146,M2316,M2316|8146
317,Surg & Ortho,8146,M2319,M2319|8146
318,Surg & Ortho,8146,M232,M232|8146
319,Surg & Ortho,8146,M2320,M2320|8146
320,Surg & Ortho,8146,M2321,M2321|8146
321,Surg & Ortho,8146,M2322,M2322|8146
322,Surg & Ortho,8146,M2323,M2323|8146
323,Surg & Ortho,8146,M2324,M2324|8146
324,Surg & Ortho,8146,M2325,M2325|8146
325,Surg & Ortho,8146,M2326,M2326|8146
326,Surg & Ortho,8146,M2329,M2329|8146
327,Surg & Ortho,8146,M233,M233|8146
328,Surg & Ortho,8146,M2330,M2330|8146
329,Surg & Ortho,8146,M2331,M2331|8146
330,Surg & Ortho,8146,M2332,M2332|8146
331,Surg & Ortho,8146,M2333,M2333|8146
332,Surg & Ortho,8146,M2334,M2334|8146
333,Surg & Ortho,8146,M2335,M2335|8146
334,Surg & Ortho,8146,M2336,M2336|8146
335,Surg & Ortho,8146,M2339,M2339|8146
336,Surg & Ortho,8146,M234,M234|8146
337,Surg & Ortho,8146,M2340,M2340|8146
338,Surg & Ortho,8146,M2349,M2349|8146
339,Surg & Ortho,8146,M235,M235|8146
340,Surg & Ortho,8146,M2350,M2350|8146
341,Surg & Ortho,8146,M2351,M2351|8146
342,Surg & Ortho,8146,M2352,M2352|8146
343,Surg & Ortho,8146,M2353,M2353|8146
344,Surg & Ortho,8146,M2354,M2354|8146
345,Surg & Ortho,8146,M2355,M2355|8146
346,Surg & Ortho,8146,M2356,M2356|8146
347,Surg & Ortho,8146,M2357,M2357|8146
348,Surg & Ortho,8146,M2359,M2359|8146
349,Surg & Ortho,8146,M236,M236|8146
350,Surg & Ortho,8146,M2360,M2360|8146
351,Surg & Ortho,8146,M2361,M2361|8146
352,Surg & Ortho,8146,M2362,M2362|8146
353,Surg & Ortho,8146,M2363,M2363|8146
354,Surg & Ortho,8146,M2364,M2364|8146
355,Surg & Ortho,8146,M2367,M2367|8146
356,Surg & Ortho,8146,M2369,M2369|8146
357,Surg & Ortho,8146,M238,M238|8146
358,Surg & Ortho,8146,M2380,M2380|8146
359,Surg & Ortho,8146,M2381,M2381|8146
360,Surg & Ortho,8146,M2382,M2382|8146
361,Surg & Ortho,8146,M2383,M2383|8146
362,Surg & Ortho,8146,M2384,M2384|8146
363,Surg & Ortho,8146,M2385,M2385|8146
364,Surg & Ortho,8146,M2386,M2386|8146
365,Surg & Ortho,8146,M2387,M2387|8146
366,Surg & Ortho,8146,M2389,M2389|8146
367,Surg & Ortho,8146,M239,M239|8146
368,Surg & Ortho,8146,M2390,M2390|8146
369,Surg & Ortho,8146,M2391,M2391|8146
370,Surg & Ortho,8146,M2392,M2392|8146
371,Surg & Ortho,8146,M2393,M2393|8146
372,Surg & Ortho,8146,M2394,M2394|8146
373,Surg & Ortho,8146,M2395,M2395|8146
374,Surg & Ortho,8146,M2396,M2396|8146
375,Surg & Ortho,8146,M2397,M2397|8146
376,Surg & Ortho,8146,M2399,M2399|8146
377,Surg & Ortho,8145,M230,M230|8145
378,Surg & Ortho,8145,M2300,M2300|8145
379,Surg & Ortho,8145,M2301,M2301|8145
380,Surg & Ortho,8145,M2302,M2302|8145
381,Surg & Ortho,8145,M2303,M2303|8145
382,Surg & Ortho,8145,M2304,M2304|8145
383,Surg & Ortho,8145,M2305,M2305|8145
384,Surg & Ortho,8145,M2306,M2306|8145
385,Surg & Ortho,8145,M2309,M2309|8145
386,Surg & Ortho,8145,M231,M231|8145
387,Surg & Ortho,8145,M2310,M2310|8145
388,Surg & Ortho,8145,M2311,M2311|8145
389,Surg & Ortho,8145,M2312,M2312|8145
390,Surg & Ortho,8145,M2313,M2313|8145
391,Surg & Ortho,8145,M2314,M2314|8145
392,Surg & Ortho,8145,M2315,M2315|8145
393,Surg & Ortho,8145,M2316,M2316|8145
394,Surg & Ortho,8145,M2319,M2319|8145
395,Surg & Ortho,8145,M232,M232|8145
396,Surg & Ortho,8145,M2320,M2320|8145
397,Surg & Ortho,8145,M2321,M2321|8145
398,Surg & Ortho,8145,M2322,M2322|8145
399,Surg & Ortho,8145,M2323,M2323|8145
400,Surg & Ortho,8145,M2324,M2324|8145
401,Surg & Ortho,8145,M2325,M2325|8145
402,Surg & Ortho,8145,M2326,M2326|8145
403,Surg & Ortho,8145,M2329,M2329|8145
404,Surg & Ortho,8145,M233,M233|8145
405,Surg & Ortho,8145,M2330,M2330|8145
406,Surg & Ortho,8145,M2331,M2331|8145
407,Surg & Ortho,8145,M2332,M2332|8145
408,Surg & Ortho,8145,M2333,M2333|8145
409,Surg & Ortho,8145,M2334,M2334|8145
410,Surg & Ortho,8145,M2335,M2335|8145
411,Surg & Ortho,8145,M2336,M2336|8145
412,Surg & Ortho,8145,M2339,M2339|8145
413,Surg & Ortho,8145,M234,M234|8145
414,Surg & Ortho,8145,M2340,M2340|8145
415,Surg & Ortho,8145,M2349,M2349|8145
416,Surg & Ortho,8145,M235,M235|8145
417,Surg & Ortho,8145,M2350,M2350|8145
418,Surg & Ortho,8145,M2351,M2351|8145
419,Surg & Ortho,8145,M2352,M2352|8145
420,Surg & Ortho,8145,M2353,M2353|8145
421,Surg & Ortho,8145,M2354,M2354|8145
422,Surg & Ortho,8145,M2355,M2355|8145
423,Surg & Ortho,8145,M2356,M2356|8145
424,Surg & Ortho,8145,M2357,M2357|8145
425,Surg & Ortho,8145,M2359,M2359|8145
426,Surg & Ortho,8145,M236,M236|8145
427,Surg & Ortho,8145,M2360,M2360|8145
428,Surg & Ortho,8145,M2361,M2361|8145
429,Surg & Ortho,8145,M2362,M2362|8145
430,Surg & Ortho,8145,M2363,M2363|8145
431,Surg & Ortho,8145,M2364,M2364|8145
432,Surg & Ortho,8145,M2367,M2367|8145
433,Surg & Ortho,8145,M2369,M2369|8145
434,Surg & Ortho,8145,M238,M238|8145
435,Surg & Ortho,8145,M2380,M2380|8145
436,Surg & Ortho,8145,M2381,M2381|8145
437,Surg & Ortho,8145,M2382,M2382|8145
438,Surg & Ortho,8145,M2383,M2383|8145
439,Surg & Ortho,8145,M2384,M2384|8145
440,Surg & Ortho,8145,M2385,M2385|8145
441,Surg & Ortho,8145,M2386,M2386|8145
442,Surg & Ortho,8145,M2387,M2387|8145
443,Surg & Ortho,8145,M2389,M2389|8145
444,Surg & Ortho,8145,M239,M239|8145
445,Surg & Ortho,8145,M2390,M2390|8145
446,Surg & Ortho,8145,M2391,M2391|8145
447,Surg & Ortho,8145,M2392,M2392|8145
448,Surg & Ortho,8145,M2393,M2393|8145
449,Surg & Ortho,8145,M2394,M2394|8145
450,Surg & Ortho,8145,M2395,M2395|8145
451,Surg & Ortho,8145,M2396,M2396|8145
452,Surg & Ortho,8145,M2397,M2397|8145
453,Surg & Ortho,8145,M2399,M2399|8145
454,Surg & Ortho,8145,S8350,S8350|8145
455,Surg & Ortho,8145,S8359,S8359|8145
456,Surg & Ortho,8144,M230,M230|8144
457,Surg & Ortho,8144,M2300,M2300|8144
458,Surg & Ortho,8144,M2301,M2301|8144
459,Surg & Ortho,8144,M2302,M2302|8144
460,Surg & Ortho,8144,M2303,M2303|8144
461,Surg & Ortho,8144,M2304,M2304|8144
462,Surg & Ortho,8144,M2305,M2305|8144
463,Surg & Ortho,8144,M2306,M2306|8144
464,Surg & Ortho,8144,M2309,M2309|8144
465,Surg & Ortho,8144,M231,M231|8144
466,Surg & Ortho,8144,M2310,M2310|8144
467,Surg & Ortho,8144,M2311,M2311|8144
468,Surg & Ortho,8144,M2312,M2312|8144
469,Surg & Ortho,8144,M2313,M2313|8144
470,Surg & Ortho,8144,M2314,M2314|8144
471,Surg & Ortho,8144,M2315,M2315|8144
472,Surg & Ortho,8144,M2316,M2316|8144
473,Surg & Ortho,8144,M2319,M2319|8144
474,Surg & Ortho,8144,M232,M232|8144
475,Surg & Ortho,8144,M2320,M2320|8144
476,Surg & Ortho,8144,M2321,M2321|8144
477,Surg & Ortho,8144,M2322,M2322|8144
478,Surg & Ortho,8144,M2323,M2323|8144
479,Surg & Ortho,8144,M2324,M2324|8144
480,Surg & Ortho,8144,M2325,M2325|8144
481,Surg & Ortho,8144,M2326,M2326|8144
482,Surg & Ortho,8144,M2329,M2329|8144
483,Surg & Ortho,8144,M233,M233|8144
484,Surg & Ortho,8144,M2330,M2330|8144
485,Surg & Ortho,8144,M2331,M2331|8144
486,Surg & Ortho,8144,M2332,M2332|8144
487,Surg & Ortho,8144,M2333,M2333|8144
488,Surg & Ortho,8144,M2334,M2334|8144
489,Surg & Ortho,8144,M2335,M2335|8144
490,Surg & Ortho,8144,M2336,M2336|8144
491,Surg & Ortho,8144,M2339,M2339|8144
492,Surg & Ortho,8144,M234,M234|8144
493,Surg & Ortho,8144,M2340,M2340|8144
494,Surg & Ortho,8144,M2349,M2349|8144
495,Surg & Ortho,8144,M235,M235|8144
496,Surg & Ortho,8144,M2350,M2350|8144
497,Surg & Ortho,8144,M2351,M2351|8144
498,Surg & Ortho,8144,M2352,M2352|8144
499,Surg & Ortho,8144,M2353,M2353|8144
500,Surg & Ortho,8144,M2354,M2354|8144
501,Surg & Ortho,8144,M2355,M2355|8144
502,Surg & Ortho,8144,M2356,M2356|8144
503,Surg & Ortho,8144,M2357,M2357|8144
504,Surg & Ortho,8144,M2359,M2359|8144
505,Surg & Ortho,8144,M236,M236|8144
506,Surg & Ortho,8144,M2360,M2360|8144
507,Surg & Ortho,8144,M2361,M2361|8144
508,Surg & Ortho,8144,M2362,M2362|8144
509,Surg & Ortho,8144,M2363,M2363|8144
510,Surg & Ortho,8144,M2364,M2364|8144
511,Surg & Ortho,8144,M2367,M2367|8144
512,Surg & Ortho,8144,M2369,M2369|8144
513,Surg & Ortho,8144,M238,M238|8144
514,Surg & Ortho,8144,M2380,M2380|8144
515,Surg & Ortho,8144,M2381,M2381|8144
516,Surg & Ortho,8144,M2382,M2382|8144
517,Surg & Ortho,8144,M2383,M2383|8144
518,Surg & Ortho,8144,M2384,M2384|8144
519,Surg & Ortho,8144,M2385,M2385|8144
520,Surg & Ortho,8144,M2386,M2386|8144
521,Surg & Ortho,8144,M2387,M2387|8144
522,Surg & Ortho,8144,M2389,M2389|8144
523,Surg & Ortho,8144,M239,M239|8144
524,Surg & Ortho,8144,M2390,M2390|8144
525,Surg & Ortho,8144,M2391,M2391|8144
526,Surg & Ortho,8144,M2392,M2392|8144
527,Surg & Ortho,8144,M2393,M2393|8144
528,Surg & Ortho,8144,M2394,M2394|8144
529,Surg & Ortho,8144,M2395,M2395|8144
530,Surg & Ortho,8144,M2396,M2396|8144
531,Surg & Ortho,8144,M2397,M2397|8144
532,Surg & Ortho,8144,M2399,M2399|8144
533,Surg & Ortho,8143,M230,M230|8143
534,Surg & Ortho,8143,M2300,M2300|8143
535,Surg & Ortho,8143,M2301,M2301|8143
536,Surg & Ortho,8143,M2302,M2302|8143
537,Surg & Ortho,8143,M2303,M2303|8143
538,Surg & Ortho,8143,M2304,M2304|8143
539,Surg & Ortho,8143,M2305,M2305|8143
540,Surg & Ortho,8143,M2306,M2306|8143
541,Surg & Ortho,8143,M2309,M2309|8143
542,Surg & Ortho,8143,M231,M231|8143
543,Surg & Ortho,8143,M2310,M2310|8143
544,Surg & Ortho,8143,M2311,M2311|8143
545,Surg & Ortho,8143,M2312,M2312|8143
546,Surg & Ortho,8143,M2313,M2313|8143
547,Surg & Ortho,8143,M2314,M2314|8143
548,Surg & Ortho,8143,M2315,M2315|8143
549,Surg & Ortho,8143,M2316,M2316|8143
550,Surg & Ortho,8143,M2319,M2319|8143
551,Surg & Ortho,8143,M232,M232|8143
552,Surg & Ortho,8143,M2320,M2320|8143
553,Surg & Ortho,8143,M2321,M2321|8143
554,Surg & Ortho,8143,M2322,M2322|8143
555,Surg & Ortho,8143,M2323,M2323|8143
556,Surg & Ortho,8143,M2324,M2324|8143
557,Surg & Ortho,8143,M2325,M2325|8143
558,Surg & Ortho,8143,M2326,M2326|8143
559,Surg & Ortho,8143,M2329,M2329|8143
560,Surg & Ortho,8143,M233,M233|8143
561,Surg & Ortho,8143,M2330,M2330|8143
562,Surg & Ortho,8143,M2331,M2331|8143
563,Surg & Ortho,8143,M2332,M2332|8143
564,Surg & Ortho,8143,M2333,M2333|8143
565,Surg & Ortho,8143,M2334,M2334|8143
566,Surg & Ortho,8143,M2335,M2335|8143
567,Surg & Ortho,8143,M2336,M2336|8143
568,Surg & Ortho,8143,M2339,M2339|8143
569,Surg & Ortho,8143,M234,M234|8143
570,Surg & Ortho,8143,M2340,M2340|8143
571,Surg & Ortho,8143,M2349,M2349|8143
572,Surg & Ortho,8143,M235,M235|8143
573,Surg & Ortho,8143,M2350,M2350|8143
574,Surg & Ortho,8143,M2351,M2351|8143
575,Surg & Ortho,8143,M2352,M2352|8143
576,Surg & Ortho,8143,M2353,M2353|8143
577,Surg & Ortho,8143,M2354,M2354|8143
578,Surg & Ortho,8143,M2355,M2355|8143
579,Surg & Ortho,8143,M2356,M2356|8143
580,Surg & Ortho,8143,M2357,M2357|8143
581,Surg & Ortho,8143,M2359,M2359|8143
582,Surg & Ortho,8143,M236,M236|8143
583,Surg & Ortho,8143,M2360,M2360|8143
584,Surg & Ortho,8143,M2361,M2361|8143
585,Surg & Ortho,8143,M2362,M2362|8143
586,Surg & Ortho,8143,M2363,M2363|8143
587,Surg & Ortho,8143,M2364,M2364|8143
588,Surg & Ortho,8143,M2367,M2367|8143
589,Surg & Ortho,8143,M2369,M2369|8143
590,Surg & Ortho,8143,M238,M238|8143
591,Surg & Ortho,8143,M2380,M2380|8143
592,Surg & Ortho,8143,M2381,M2381|8143
593,Surg & Ortho,8143,M2382,M2382|8143
594,Surg & Ortho,8143,M2383,M2383|8143
595,Surg & Ortho,8143,M2384,M2384|8143
596,Surg & Ortho,8143,M2385,M2385|8143
597,Surg & Ortho,8143,M2386,M2386|8143
598,Surg & Ortho,8143,M2387,M2387|8143
599,Surg & Ortho,8143,M2389,M2389|8143
600,Surg & Ortho,8143,M239,M239|8143
601,Surg & Ortho,8143,M2390,M2390|8143
602,Surg & Ortho,8143,M2391,M2391|8143
603,Surg & Ortho,8143,M2392,M2392|8143
604,Surg & Ortho,8143,M2393,M2393|8143
605,Surg & Ortho,8143,M2394,M2394|8143
606,Surg & Ortho,8143,M2395,M2395|8143
607,Surg & Ortho,8143,M2396,M2396|8143
608,Surg & Ortho,8143,M2397,M2397|8143
609,Surg & Ortho,8143,M2399,M2399|8143
610,Surg & Ortho,8142,M230,M230|8142
611,Surg & Ortho,8142,M2300,M2300|8142
612,Surg & Ortho,8142,M2301,M2301|8142
613,Surg & Ortho,8142,M2302,M2302|8142
614,Surg & Ortho,8142,M2303,M2303|8142
615,Surg & Ortho,8142,M2304,M2304|8142
616,Surg & Ortho,8142,M2305,M2305|8142
617,Surg & Ortho,8142,M2306,M2306|8142
618,Surg & Ortho,8142,M2309,M2309|8142
619,Surg & Ortho,8142,M231,M231|8142
620,Surg & Ortho,8142,M2310,M2310|8142
621,Surg & Ortho,8142,M2311,M2311|8142
622,Surg & Ortho,8142,M2312,M2312|8142
623,Surg & Ortho,8142,M2313,M2313|8142
624,Surg & Ortho,8142,M2314,M2314|8142
625,Surg & Ortho,8142,M2315,M2315|8142
626,Surg & Ortho,8142,M2316,M2316|8142
627,Surg & Ortho,8142,M2319,M2319|8142
628,Surg & Ortho,8142,M232,M232|8142
629,Surg & Ortho,8142,M2320,M2320|8142
630,Surg & Ortho,8142,M2321,M2321|8142
631,Surg & Ortho,8142,M2322,M2322|8142
632,Surg & Ortho,8142,M2323,M2323|8142
633,Surg & Ortho,8142,M2324,M2324|8142
634,Surg & Ortho,8142,M2325,M2325|8142
635,Surg & Ortho,8142,M2326,M2326|8142
636,Surg & Ortho,8142,M2329,M2329|8142
637,Surg & Ortho,8142,M233,M233|8142
638,Surg & Ortho,8142,M2330,M2330|8142
639,Surg & Ortho,8142,M2331,M2331|8142
640,Surg & Ortho,8142,M2332,M2332|8142
641,Surg & Ortho,8142,M2333,M2333|8142
642,Surg & Ortho,8142,M2334,M2334|8142
643,Surg & Ortho,8142,M2335,M2335|8142
644,Surg & Ortho,8142,M2336,M2336|8142
645,Surg & Ortho,8142,M2339,M2339|8142
646,Surg & Ortho,8142,M234,M234|8142
647,Surg & Ortho,8142,M2340,M2340|8142
648,Surg & Ortho,8142,M2349,M2349|8142
649,Surg & Ortho,8142,M235,M235|8142
650,Surg & Ortho,8142,M2350,M2350|8142
651,Surg & Ortho,8142,M2351,M2351|8142
652,Surg & Ortho,8142,M2352,M2352|8142
653,Surg & Ortho,8142,M2353,M2353|8142
654,Surg & Ortho,8142,M2354,M2354|8142
655,Surg & Ortho,8142,M2355,M2355|8142
656,Surg & Ortho,8142,M2356,M2356|8142
657,Surg & Ortho,8142,M2357,M2357|8142
658,Surg & Ortho,8142,M2359,M2359|8142
659,Surg & Ortho,8142,M236,M236|8142
660,Surg & Ortho,8142,M2360,M2360|8142
661,Surg & Ortho,8142,M2361,M2361|8142
662,Surg & Ortho,8142,M2362,M2362|8142
663,Surg & Ortho,8142,M2363,M2363|8142
664,Surg & Ortho,8142,M2364,M2364|8142
665,Surg & Ortho,8142,M2367,M2367|8142
666,Surg & Ortho,8142,M2369,M2369|8142
667,Surg & Ortho,8142,M238,M238|8142
668,Surg & Ortho,8142,M2380,M2380|8142
669,Surg & Ortho,8142,M2381,M2381|8142
670,Surg & Ortho,8142,M2382,M2382|8142
671,Surg & Ortho,8142,M2383,M2383|8142
672,Surg & Ortho,8142,M2384,M2384|8142
673,Surg & Ortho,8142,M2385,M2385|8142
674,Surg & Ortho,8142,M2386,M2386|8142
675,Surg & Ortho,8142,M2387,M2387|8142
676,Surg & Ortho,8142,M2389,M2389|8142
677,Surg & Ortho,8142,M239,M239|8142
678,Surg & Ortho,8142,M2390,M2390|8142
679,Surg & Ortho,8142,M2391,M2391|8142
680,Surg & Ortho,8142,M2392,M2392|8142
681,Surg & Ortho,8142,M2393,M2393|8142
682,Surg & Ortho,8142,M2394,M2394|8142
683,Surg & Ortho,8142,M2395,M2395|8142
684,Surg & Ortho,8142,M2396,M2396|8142
685,Surg & Ortho,8142,M2397,M2397|8142
686,Surg & Ortho,8142,M2399,M2399|8142
687,Surg & Ortho,8051,M512,M512|8051
688,Surg & Ortho,8026,M230,M230|8026
689,Surg & Ortho,8026,M2300,M2300|8026
690,Surg & Ortho,8026,M2301,M2301|8026
691,Surg & Ortho,8026,M2302,M2302|8026
692,Surg & Ortho,8026,M2303,M2303|8026
693,Surg & Ortho,8026,M2304,M2304|8026
694,Surg & Ortho,8026,M2305,M2305|8026
695,Surg & Ortho,8026,M2306,M2306|8026
696,Surg & Ortho,8026,M2309,M2309|8026
697,Surg & Ortho,8026,M231,M231|8026
698,Surg & Ortho,8026,M2310,M2310|8026
699,Surg & Ortho,8026,M2311,M2311|8026
700,Surg & Ortho,8026,M2312,M2312|8026
701,Surg & Ortho,8026,M2313,M2313|8026
702,Surg & Ortho,8026,M2314,M2314|8026
703,Surg & Ortho,8026,M2315,M2315|8026
704,Surg & Ortho,8026,M2316,M2316|8026
705,Surg & Ortho,8026,M2319,M2319|8026
706,Surg & Ortho,8026,M232,M232|8026
707,Surg & Ortho,8026,M2320,M2320|8026
708,Surg & Ortho,8026,M2321,M2321|8026
709,Surg & Ortho,8026,M2322,M2322|8026
710,Surg & Ortho,8026,M2323,M2323|8026
711,Surg & Ortho,8026,M2324,M2324|8026
712,Surg & Ortho,8026,M2325,M2325|8026
713,Surg & Ortho,8026,M2326,M2326|8026
714,Surg & Ortho,8026,M2329,M2329|8026
715,Surg & Ortho,8026,M233,M233|8026
716,Surg & Ortho,8026,M2330,M2330|8026
717,Surg & Ortho,8026,M2331,M2331|8026
718,Surg & Ortho,8026,M2332,M2332|8026
719,Surg & Ortho,8026,M2333,M2333|8026
720,Surg & Ortho,8026,M2334,M2334|8026
721,Surg & Ortho,8026,M2335,M2335|8026
722,Surg & Ortho,8026,M2336,M2336|8026
723,Surg & Ortho,8026,M2339,M2339|8026
724,Surg & Ortho,8026,M234,M234|8026
725,Surg & Ortho,8026,M2340,M2340|8026
726,Surg & Ortho,8026,M2349,M2349|8026
727,Surg & Ortho,8026,M235,M235|8026
728,Surg & Ortho,8026,M2350,M2350|8026
729,Surg & Ortho,8026,M2351,M2351|8026
730,Surg & Ortho,8026,M2352,M2352|8026
731,Surg & Ortho,8026,M2353,M2353|8026
732,Surg & Ortho,8026,M2354,M2354|8026
733,Surg & Ortho,8026,M2355,M2355|8026
734,Surg & Ortho,8026,M2356,M2356|8026
735,Surg & Ortho,8026,M2357,M2357|8026
736,Surg & Ortho,8026,M2359,M2359|8026
737,Surg & Ortho,8026,M236,M236|8026
738,Surg & Ortho,8026,M2360,M2360|8026
739,Surg & Ortho,8026,M2361,M2361|8026
740,Surg & Ortho,8026,M2362,M2362|8026
741,Surg & Ortho,8026,M2363,M2363|8026
742,Surg & Ortho,8026,M2364,M2364|8026
743,Surg & Ortho,8026,M2367,M2367|8026
744,Surg & Ortho,8026,M2369,M2369|8026
745,Surg & Ortho,8026,M238,M238|8026
746,Surg & Ortho,8026,M2380,M2380|8026
747,Surg & Ortho,8026,M2381,M2381|8026
748,Surg & Ortho,8026,M2382,M2382|8026
749,Surg & Ortho,8026,M2383,M2383|8026
750,Surg & Ortho,8026,M2384,M2384|8026
751,Surg & Ortho,8026,M2385,M2385|8026
752,Surg & Ortho,8026,M2386,M2386|8026
753,Surg & Ortho,8026,M2387,M2387|8026
754,Surg & Ortho,8026,M2389,M2389|8026
755,Surg & Ortho,8026,M239,M239|8026
756,Surg & Ortho,8026,M2390,M2390|8026
757,Surg & Ortho,8026,M2391,M2391|8026
758,Surg & Ortho,8026,M2392,M2392|8026
759,Surg & Ortho,8026,M2393,M2393|8026
760,Surg & Ortho,8026,M2394,M2394|8026
761,Surg & Ortho,8026,M2395,M2395|8026
762,Surg & Ortho,8026,M2396,M2396|8026
763,Surg & Ortho,8026,M2397,M2397|8026
764,Surg & Ortho,8026,M2399,M2399|8026
765,Surg & Ortho,8026,S832,S832|8026
766,Surg & Ortho,7999,S423,S423|7999
767,Surg & Ortho,7999,S4230,S4230|7999
768,Surg & Ortho,7999,S4231,S4231|7999
769,Surg & Ortho,7999,S525,S525|7999
770,Surg & Ortho,7999,S5250,S5250|7999
771,Surg & Ortho,7999,S5251,S5251|7999
772,Surg & Ortho,7998,S423,S423|7998
773,Surg & Ortho,7998,S4230,S4230|7998
774,Surg & Ortho,7998,S4231,S4231|7998
775,Surg & Ortho,7998,S525,S525|7998
776,Surg & Ortho,7998,S5250,S5250|7998
777,Surg & Ortho,7998,S5251,S5251|7998
778,Surg & Ortho,7997,S423,S423|7997
779,Surg & Ortho,7997,S4230,S4230|7997
780,Surg & Ortho,7997,S4231,S4231|7997
781,Surg & Ortho,7997,S525,S525|7997
782,Surg & Ortho,7997,S5250,S5250|7997
783,Surg & Ortho,7997,S5251,S5251|7997
784,Surg & Ortho,7996,S423,S423|7996
785,Surg & Ortho,7996,S4230,S4230|7996
786,Surg & Ortho,7996,S4231,S4231|7996
787,Surg & Ortho,7996,S525,S525|7996
788,Surg & Ortho,7996,S5250,S5250|7996
789,Surg & Ortho,7996,S5251,S5251|7996
790,Surg & Ortho,7995,S423,S423|7995
791,Surg & Ortho,7995,S4230,S4230|7995
792,Surg & Ortho,7995,S4231,S4231|7995
793,Surg & Ortho,7995,S525,S525|7995
794,Surg & Ortho,7995,S5250,S5250|7995
795,Surg & Ortho,7995,S5251,S5251|7995
796,Surg & Ortho,7994,S423,S423|7994
797,Surg & Ortho,7994,S4230,S4230|7994
798,Surg & Ortho,7994,S4231,S4231|7994
799,Surg & Ortho,7994,S525,S525|7994
800,Surg & Ortho,7994,S5250,S5250|7994
801,Surg & Ortho,7994,S5251,S5251|7994
802,Surg & Ortho,7993,S423,S423|7993
803,Surg & Ortho,7993,S4230,S4230|7993
804,Surg & Ortho,7993,S4231,S4231|7993
805,Surg & Ortho,7993,S525,S525|7993
806,Surg & Ortho,7993,S5250,S5250|7993
807,Surg & Ortho,7993,S5251,S5251|7993
808,Surg & Ortho,7992,S423,S423|7992
809,Surg & Ortho,7992,S4230,S4230|7992
810,Surg & Ortho,7992,S4231,S4231|7992
811,Surg & Ortho,7992,S525,S525|7992
812,Surg & Ortho,7992,S5250,S5250|7992
813,Surg & Ortho,7992,S5251,S5251|7992
814,Surg & Ortho,7991,S423,S423|7991
815,Surg & Ortho,7991,S4230,S4230|7991
816,Surg & Ortho,7991,S4231,S4231|7991
817,Surg & Ortho,7991,S525,S525|7991
818,Surg & Ortho,7991,S5250,S5250|7991
819,Surg & Ortho,7991,S5251,S5251|7991
820,Surg & Ortho,7989,S423,S423|7989
821,Surg & Ortho,7989,S4230,S4230|7989
822,Surg & Ortho,7989,S4231,S4231|7989
823,Surg & Ortho,7989,S525,S525|7989
824,Surg & Ortho,7989,S5250,S5250|7989
825,Surg & Ortho,7989,S5251,S5251|7989
826,Surg & Ortho,7988,S423,S423|7988
827,Surg & Ortho,7988,S4230,S4230|7988
828,Surg & Ortho,7988,S4231,S4231|7988
829,Surg & Ortho,7988,S525,S525|7988
830,Surg & Ortho,7988,S5250,S5250|7988
831,Surg & Ortho,7988,S5251,S5251|7988
832,Surg & Ortho,7987,S423,S423|7987
833,Surg & Ortho,7987,S4230,S4230|7987
834,Surg & Ortho,7987,S4231,S4231|7987
835,Surg & Ortho,7987,S525,S525|7987
836,Surg & Ortho,7987,S5250,S5250|7987
837,Surg & Ortho,7987,S5251,S5251|7987
838,Surg & Ortho,7986,S423,S423|7986
839,Surg & Ortho,7986,S4230,S4230|7986
840,Surg & Ortho,7986,S4231,S4231|7986
841,Surg & Ortho,7986,S525,S525|7986
842,Surg & Ortho,7986,S5250,S5250|7986
843,Surg & Ortho,7986,S5251,S5251|7986
844,Surg & Ortho,7985,S423,S423|7985
845,Surg & Ortho,7985,S4230,S4230|7985
846,Surg & Ortho,7985,S4231,S4231|7985
847,Surg & Ortho,7985,S525,S525|7985
848,Surg & Ortho,7985,S5250,S5250|7985
849,Surg & Ortho,7985,S5251,S5251|7985
850,Surg & Ortho,7984,S423,S423|7984
851,Surg & Ortho,7984,S4230,S4230|7984
852,Surg & Ortho,7984,S4231,S4231|7984
853,Surg & Ortho,7984,S525,S525|7984
854,Surg & Ortho,7984,S5250,S5250|7984
855,Surg & Ortho,7984,S5251,S5251|7984
856,Surg & Ortho,7983,S423,S423|7983
857,Surg & Ortho,7983,S4230,S4230|7983
858,Surg & Ortho,7983,S4231,S4231|7983
859,Surg & Ortho,7983,S525,S525|7983
860,Surg & Ortho,7983,S5250,S5250|7983
861,Surg & Ortho,7983,S5251,S5251|7983
862,Surg & Ortho,7982,S423,S423|7982
863,Surg & Ortho,7982,S4230,S4230|7982
864,Surg & Ortho,7982,S4231,S4231|7982
865,Surg & Ortho,7982,S525,S525|7982
866,Surg & Ortho,7982,S5250,S5250|7982
867,Surg & Ortho,7982,S5251,S5251|7982
868,Surg & Ortho,7981,S423,S423|7981
869,Surg & Ortho,7981,S4230,S4230|7981
870,Surg & Ortho,7981,S4231,S4231|7981
871,Surg & Ortho,7981,S525,S525|7981
872,Surg & Ortho,7981,S5250,S5250|7981
873,Surg & Ortho,7981,S5251,S5251|7981
874,Surg & Ortho,7979,S423,S423|7979
875,Surg & Ortho,7979,S4230,S4230|7979
876,Surg & Ortho,7979,S4231,S4231|7979
877,Surg & Ortho,7979,S525,S525|7979
878,Surg & Ortho,7979,S5250,S5250|7979
879,Surg & Ortho,7979,S5251,S5251|7979
880,Surg & Ortho,7978,S423,S423|7978
881,Surg & Ortho,7978,S4230,S4230|7978
882,Surg & Ortho,7978,S4231,S4231|7978
883,Surg & Ortho,7978,S525,S525|7978
884,Surg & Ortho,7978,S5250,S5250|7978
885,Surg & Ortho,7978,S5251,S5251|7978
886,Surg & Ortho,7977,S423,S423|7977
887,Surg & Ortho,7977,S4230,S4230|7977
888,Surg & Ortho,7977,S4231,S4231|7977
889,Surg & Ortho,7977,S525,S525|7977
890,Surg & Ortho,7977,S5250,S5250|7977
891,Surg & Ortho,7977,S5251,S5251|7977
892,Surg & Ortho,7976,S423,S423|7976
893,Surg & Ortho,7976,S4230,S4230|7976
894,Surg & Ortho,7976,S4231,S4231|7976
895,Surg & Ortho,7976,S525,S525|7976
896,Surg & Ortho,7976,S5250,S5250|7976
897,Surg & Ortho,7976,S5251,S5251|7976
898,Surg & Ortho,7975,S423,S423|7975
899,Surg & Ortho,7975,S4230,S4230|7975
900,Surg & Ortho,7975,S4231,S4231|7975
901,Surg & Ortho,7975,S525,S525|7975
902,Surg & Ortho,7975,S5250,S5250|7975
903,Surg & Ortho,7975,S5251,S5251|7975
904,Surg & Ortho,7974,S423,S423|7974
905,Surg & Ortho,7974,S4230,S4230|7974
906,Surg & Ortho,7974,S4231,S4231|7974
907,Surg & Ortho,7974,S525,S525|7974
908,Surg & Ortho,7974,S5250,S5250|7974
909,Surg & Ortho,7974,S5251,S5251|7974
910,Surg & Ortho,7973,S423,S423|7973
911,Surg & Ortho,7973,S4230,S4230|7973
912,Surg & Ortho,7973,S4231,S4231|7973
913,Surg & Ortho,7973,S525,S525|7973
914,Surg & Ortho,7973,S5250,S5250|7973
915,Surg & Ortho,7973,S5251,S5251|7973
916,Surg & Ortho,7972,S423,S423|7972
917,Surg & Ortho,7972,S4230,S4230|7972
918,Surg & Ortho,7972,S4231,S4231|7972
919,Surg & Ortho,7972,S525,S525|7972
920,Surg & Ortho,7972,S5250,S5250|7972
921,Surg & Ortho,7972,S5251,S5251|7972
922,Surg & Ortho,7971,S423,S423|7971
923,Surg & Ortho,7971,S4230,S4230|7971
924,Surg & Ortho,7971,S4231,S4231|7971
925,Surg & Ortho,7971,S525,S525|7971
926,Surg & Ortho,7971,S5250,S5250|7971
927,Surg & Ortho,7971,S5251,S5251|7971
928,Surg & Ortho,7969,S423,S423|7969
929,Surg & Ortho,7969,S4230,S4230|7969
930,Surg & Ortho,7969,S4231,S4231|7969
931,Surg & Ortho,7969,S525,S525|7969
932,Surg & Ortho,7969,S5250,S5250|7969
933,Surg & Ortho,7969,S5251,S5251|7969
934,Surg & Ortho,7968,S423,S423|7968
935,Surg & Ortho,7968,S4230,S4230|7968
936,Surg & Ortho,7968,S4231,S4231|7968
937,Surg & Ortho,7968,S525,S525|7968
938,Surg & Ortho,7968,S5250,S5250|7968
939,Surg & Ortho,7968,S5251,S5251|7968
940,Surg & Ortho,7967,S423,S423|7967
941,Surg & Ortho,7967,S4230,S4230|7967
942,Surg & Ortho,7967,S4231,S4231|7967
943,Surg & Ortho,7967,S525,S525|7967
944,Surg & Ortho,7967,S5250,S5250|7967
945,Surg & Ortho,7967,S5251,S5251|7967
946,Surg & Ortho,7966,S423,S423|7966
947,Surg & Ortho,7966,S4230,S4230|7966
948,Surg & Ortho,7966,S4231,S4231|7966
949,Surg & Ortho,7966,S525,S525|7966
950,Surg & Ortho,7966,S5250,S5250|7966
951,Surg & Ortho,7966,S5251,S5251|7966
952,Surg & Ortho,7965,S423,S423|7965
953,Surg & Ortho,7965,S4230,S4230|7965
954,Surg & Ortho,7965,S4231,S4231|7965
955,Surg & Ortho,7965,S525,S525|7965
956,Surg & Ortho,7965,S5250,S5250|7965
957,Surg & Ortho,7965,S5251,S5251|7965
958,Surg & Ortho,7964,S423,S423|7964
959,Surg & Ortho,7964,S4230,S4230|7964
960,Surg & Ortho,7964,S4231,S4231|7964
961,Surg & Ortho,7964,S525,S525|7964
962,Surg & Ortho,7964,S5250,S5250|7964
963,Surg & Ortho,7964,S5251,S5251|7964
964,Surg & Ortho,7963,S423,S423|7963
965,Surg & Ortho,7963,S4230,S4230|7963
966,Surg & Ortho,7963,S4231,S4231|7963
967,Surg & Ortho,7963,S525,S525|7963
968,Surg & Ortho,7963,S5250,S5250|7963
969,Surg & Ortho,7963,S5251,S5251|7963
970,Surg & Ortho,7962,S423,S423|7962
971,Surg & Ortho,7962,S4230,S4230|7962
972,Surg & Ortho,7962,S4231,S4231|7962
973,Surg & Ortho,7962,S525,S525|7962
974,Surg & Ortho,7962,S5250,S5250|7962
975,Surg & Ortho,7962,S5251,S5251|7962
976,Surg & Ortho,7961,S423,S423|7961
977,Surg & Ortho,7961,S4230,S4230|7961
978,Surg & Ortho,7961,S4231,S4231|7961
979,Surg & Ortho,7961,S525,S525|7961
980,Surg & Ortho,7961,S5250,S5250|7961
981,Surg & Ortho,7961,S5251,S5251|7961
982,Surg & Ortho,7959,S423,S423|7959
983,Surg & Ortho,7959,S4230,S4230|7959
984,Surg & Ortho,7959,S4231,S4231|7959
985,Surg & Ortho,7959,S525,S525|7959
986,Surg & Ortho,7959,S5250,S5250|7959
987,Surg & Ortho,7959,S5251,S5251|7959
988,Surg & Ortho,7956,S423,S423|7956
989,Surg & Ortho,7956,S4230,S4230|7956
990,Surg & Ortho,7956,S4231,S4231|7956
991,Surg & Ortho,7956,S525,S525|7956
992,Surg & Ortho,7956,S5250,S5250|7956
993,Surg & Ortho,7956,S5251,S5251|7956
994,Surg & Ortho,7955,S423,S423|7955
995,Surg & Ortho,7955,S4230,S4230|7955
996,Surg & Ortho,7955,S4231,S4231|7955
997,Surg & Ortho,7955,S525,S525|7955
998,Surg & Ortho,7955,S5250,S5250|7955
999,Surg & Ortho,7955,S5251,S5251|7955
1000,Surg & Ortho,7952,S423,S423|7952
1001,Surg & Ortho,7952,S4230,S4230|7952
1002,Surg & Ortho,7952,S4231,S4231|7952
1003,Surg & Ortho,7952,S525,S525|7952
1004,Surg & Ortho,7952,S5250,S5250|7952
1005,Surg & Ortho,7952,S5251,S5251|7952
1006,Surg & Ortho,7951,S423,S423|7951
1007,Surg & Ortho,7951,S4230,S4230|7951
1008,Surg & Ortho,7951,S4231,S4231|7951
1009,Surg & Ortho,7951,S525,S525|7951
1010,Surg & Ortho,7951,S5250,S5250|7951
1011,Surg & Ortho,7951,S5251,S5251|7951
1012,Surg & Ortho,7949,S423,S423|7949
1013,Surg & Ortho,7949,S4230,S4230|7949
1014,Surg & Ortho,7949,S4231,S4231|7949
1015,Surg & Ortho,7949,S525,S525|7949
1016,Surg & Ortho,7949,S5250,S5250|7949
1017,Surg & Ortho,7949,S5251,S5251|7949
1018,Surg & Ortho,7946,S423,S423|7946
1019,Surg & Ortho,7946,S4230,S4230|7946
1020,Surg & Ortho,7946,S4231,S4231|7946
1021,Surg & Ortho,7946,S525,S525|7946
1022,Surg & Ortho,7946,S5250,S5250|7946
1023,Surg & Ortho,7946,S5251,S5251|7946
1024,Surg & Ortho,7945,S423,S423|7945
1025,Surg & Ortho,7945,S4230,S4230|7945
1026,Surg & Ortho,7945,S4231,S4231|7945
1027,Surg & Ortho,7945,S525,S525|7945
1028,Surg & Ortho,7945,S5250,S5250|7945
1029,Surg & Ortho,7945,S5251,S5251|7945
1030,Surg & Ortho,7942,S423,S423|7942
1031,Surg & Ortho,7942,S4230,S4230|7942
1032,Surg & Ortho,7942,S4231,S4231|7942
1033,Surg & Ortho,7942,S525,S525|7942
1034,Surg & Ortho,7942,S5250,S5250|7942
1035,Surg & Ortho,7942,S5251,S5251|7942
1036,Surg & Ortho,7941,S423,S423|7941
1037,Surg & Ortho,7941,S4230,S4230|7941
1038,Surg & Ortho,7941,S4231,S4231|7941
1039,Surg & Ortho,7941,S525,S525|7941
1040,Surg & Ortho,7941,S5250,S5250|7941
1041,Surg & Ortho,7941,S5251,S5251|7941
1042,Surg & Ortho,7939,S422,S422|7939
1043,Surg & Ortho,7939,S4220,S4220|7939
1044,Surg & Ortho,7939,S4221,S4221|7939
1045,Surg & Ortho,7939,S423,S423|7939
1046,Surg & Ortho,7939,S4230,S4230|7939
1047,Surg & Ortho,7939,S4231,S4231|7939
1048,Surg & Ortho,7939,S525,S525|7939
1049,Surg & Ortho,7939,S5250,S5250|7939
1050,Surg & Ortho,7939,S5251,S5251|7939
1051,Surg & Ortho,7938,S422,S422|7938
1052,Surg & Ortho,7938,S4220,S4220|7938
1053,Surg & Ortho,7938,S4221,S4221|7938
1054,Surg & Ortho,7938,S423,S423|7938
1055,Surg & Ortho,7938,S4230,S4230|7938
1056,Surg & Ortho,7938,S4231,S4231|7938
1057,Surg & Ortho,7938,S525,S525|7938
1058,Surg & Ortho,7938,S5250,S5250|7938
1059,Surg & Ortho,7938,S5251,S5251|7938
1060,Surg & Ortho,7937,S422,S422|7937
1061,Surg & Ortho,7937,S4220,S4220|7937
1062,Surg & Ortho,7937,S4221,S4221|7937
1063,Surg & Ortho,7937,S423,S423|7937
1064,Surg & Ortho,7937,S4230,S4230|7937
1065,Surg & Ortho,7937,S4231,S4231|7937
1066,Surg & Ortho,7937,S525,S525|7937
1067,Surg & Ortho,7937,S5250,S5250|7937
1068,Surg & Ortho,7937,S5251,S5251|7937
1069,Surg & Ortho,7936,S422,S422|7936
1070,Surg & Ortho,7936,S4220,S4220|7936
1071,Surg & Ortho,7936,S4221,S4221|7936
1072,Surg & Ortho,7936,S423,S423|7936
1073,Surg & Ortho,7936,S4230,S4230|7936
1074,Surg & Ortho,7936,S4231,S4231|7936
1075,Surg & Ortho,7936,S525,S525|7936
1076,Surg & Ortho,7936,S5250,S5250|7936
1077,Surg & Ortho,7936,S5251,S5251|7936
1078,Surg & Ortho,7935,S422,S422|7935
1079,Surg & Ortho,7935,S4220,S4220|7935
1080,Surg & Ortho,7935,S4221,S4221|7935
1081,Surg & Ortho,7935,S423,S423|7935
1082,Surg & Ortho,7935,S4230,S4230|7935
1083,Surg & Ortho,7935,S4231,S4231|7935
1084,Surg & Ortho,7935,S525,S525|7935
1085,Surg & Ortho,7935,S5250,S5250|7935
1086,Surg & Ortho,7935,S5251,S5251|7935
1087,Surg & Ortho,7934,S422,S422|7934
1088,Surg & Ortho,7934,S4220,S4220|7934
1089,Surg & Ortho,7934,S4221,S4221|7934
1090,Surg & Ortho,7934,S423,S423|7934
1091,Surg & Ortho,7934,S4230,S4230|7934
1092,Surg & Ortho,7934,S4231,S4231|7934
1093,Surg & Ortho,7934,S525,S525|7934
1094,Surg & Ortho,7934,S5250,S5250|7934
1095,Surg & Ortho,7934,S5251,S5251|7934
1096,Surg & Ortho,7933,S422,S422|7933
1097,Surg & Ortho,7933,S4220,S4220|7933
1098,Surg & Ortho,7933,S4221,S4221|7933
1099,Surg & Ortho,7933,S423,S423|7933
1100,Surg & Ortho,7933,S4230,S4230|7933
1101,Surg & Ortho,7933,S4231,S4231|7933
1102,Surg & Ortho,7933,S525,S525|7933
1103,Surg & Ortho,7933,S5250,S5250|7933
1104,Surg & Ortho,7933,S5251,S5251|7933
1105,Surg & Ortho,7932,S422,S422|7932
1106,Surg & Ortho,7932,S4220,S4220|7932
1107,Surg & Ortho,7932,S4221,S4221|7932
1108,Surg & Ortho,7932,S423,S423|7932
1109,Surg & Ortho,7932,S4230,S4230|7932
1110,Surg & Ortho,7932,S4231,S4231|7932
1111,Surg & Ortho,7932,S525,S525|7932
1112,Surg & Ortho,7932,S5250,S5250|7932
1113,Surg & Ortho,7932,S5251,S5251|7932
1114,Surg & Ortho,7931,S422,S422|7931
1115,Surg & Ortho,7931,S4220,S4220|7931
1116,Surg & Ortho,7931,S4221,S4221|7931
1117,Surg & Ortho,7931,S423,S423|7931
1118,Surg & Ortho,7931,S4230,S4230|7931
1119,Surg & Ortho,7931,S4231,S4231|7931
1120,Surg & Ortho,7931,S525,S525|7931
1121,Surg & Ortho,7931,S5250,S5250|7931
1122,Surg & Ortho,7931,S5251,S5251|7931
1123,Surg & Ortho,7929,S423,S423|7929
1124,Surg & Ortho,7929,S4230,S4230|7929
1125,Surg & Ortho,7929,S4231,S4231|7929
1126,Surg & Ortho,7929,S525,S525|7929
1127,Surg & Ortho,7929,S5250,S5250|7929
1128,Surg & Ortho,7929,S5251,S5251|7929
1129,Surg & Ortho,7928,S423,S423|7928
1130,Surg & Ortho,7928,S4230,S4230|7928
1131,Surg & Ortho,7928,S4231,S4231|7928
1132,Surg & Ortho,7928,S525,S525|7928
1133,Surg & Ortho,7928,S5250,S5250|7928
1134,Surg & Ortho,7928,S5251,S5251|7928
1135,Surg & Ortho,7927,S423,S423|7927
1136,Surg & Ortho,7927,S4230,S4230|7927
1137,Surg & Ortho,7927,S4231,S4231|7927
1138,Surg & Ortho,7927,S525,S525|7927
1139,Surg & Ortho,7927,S5250,S5250|7927
1140,Surg & Ortho,7927,S5251,S5251|7927
1141,Surg & Ortho,7926,S423,S423|7926
1142,Surg & Ortho,7926,S4230,S4230|7926
1143,Surg & Ortho,7926,S4231,S4231|7926
1144,Surg & Ortho,7926,S525,S525|7926
1145,Surg & Ortho,7926,S5250,S5250|7926
1146,Surg & Ortho,7926,S5251,S5251|7926
1147,Surg & Ortho,7925,S423,S423|7925
1148,Surg & Ortho,7925,S4230,S4230|7925
1149,Surg & Ortho,7925,S4231,S4231|7925
1150,Surg & Ortho,7925,S525,S525|7925
1151,Surg & Ortho,7925,S5250,S5250|7925
1152,Surg & Ortho,7925,S5251,S5251|7925
1153,Surg & Ortho,7924,S423,S423|7924
1154,Surg & Ortho,7924,S4230,S4230|7924
1155,Surg & Ortho,7924,S4231,S4231|7924
1156,Surg & Ortho,7924,S525,S525|7924
1157,Surg & Ortho,7924,S5250,S5250|7924
1158,Surg & Ortho,7924,S5251,S5251|7924
1159,Surg & Ortho,7923,S423,S423|7923
1160,Surg & Ortho,7923,S4230,S4230|7923
1161,Surg & Ortho,7923,S4231,S4231|7923
1162,Surg & Ortho,7923,S525,S525|7923
1163,Surg & Ortho,7923,S5250,S5250|7923
1164,Surg & Ortho,7923,S5251,S5251|7923
1165,Surg & Ortho,7922,S423,S423|7922
1166,Surg & Ortho,7922,S4230,S4230|7922
1167,Surg & Ortho,7922,S4231,S4231|7922
1168,Surg & Ortho,7922,S525,S525|7922
1169,Surg & Ortho,7922,S5250,S5250|7922
1170,Surg & Ortho,7922,S5251,S5251|7922
1171,Surg & Ortho,7921,S423,S423|7921
1172,Surg & Ortho,7921,S4230,S4230|7921
1173,Surg & Ortho,7921,S4231,S4231|7921
1174,Surg & Ortho,7921,S525,S525|7921
1175,Surg & Ortho,7921,S5250,S5250|7921
1176,Surg & Ortho,7921,S5251,S5251|7921
1177,Surg & Ortho,7919,S423,S423|7919
1178,Surg & Ortho,7919,S4230,S4230|7919
1179,Surg & Ortho,7919,S4231,S4231|7919
1180,Surg & Ortho,7919,S525,S525|7919
1181,Surg & Ortho,7919,S5250,S5250|7919
1182,Surg & Ortho,7919,S5251,S5251|7919
1183,Surg & Ortho,7918,S423,S423|7918
1184,Surg & Ortho,7918,S4230,S4230|7918
1185,Surg & Ortho,7918,S4231,S4231|7918
1186,Surg & Ortho,7918,S525,S525|7918
1187,Surg & Ortho,7918,S5250,S5250|7918
1188,Surg & Ortho,7918,S5251,S5251|7918
1189,Surg & Ortho,7917,S423,S423|7917
1190,Surg & Ortho,7917,S4230,S4230|7917
1191,Surg & Ortho,7917,S4231,S4231|7917
1192,Surg & Ortho,7917,S525,S525|7917
1193,Surg & Ortho,7917,S5250,S5250|7917
1194,Surg & Ortho,7917,S5251,S5251|7917
1195,Surg & Ortho,7916,S423,S423|7916
1196,Surg & Ortho,7916,S4230,S4230|7916
1197,Surg & Ortho,7916,S4231,S4231|7916
1198,Surg & Ortho,7916,S525,S525|7916
1199,Surg & Ortho,7916,S5250,S5250|7916
1200,Surg & Ortho,7916,S5251,S5251|7916
1201,Surg & Ortho,7915,S423,S423|7915
1202,Surg & Ortho,7915,S4230,S4230|7915
1203,Surg & Ortho,7915,S4231,S4231|7915
1204,Surg & Ortho,7915,S525,S525|7915
1205,Surg & Ortho,7915,S5250,S5250|7915
1206,Surg & Ortho,7915,S5251,S5251|7915
1207,Surg & Ortho,7914,S423,S423|7914
1208,Surg & Ortho,7914,S4230,S4230|7914
1209,Surg & Ortho,7914,S4231,S4231|7914
1210,Surg & Ortho,7914,S525,S525|7914
1211,Surg & Ortho,7914,S5250,S5250|7914
1212,Surg & Ortho,7914,S5251,S5251|7914
1213,Surg & Ortho,7913,S423,S423|7913
1214,Surg & Ortho,7913,S4230,S4230|7913
1215,Surg & Ortho,7913,S4231,S4231|7913
1216,Surg & Ortho,7913,S525,S525|7913
1217,Surg & Ortho,7913,S5250,S5250|7913
1218,Surg & Ortho,7913,S5251,S5251|7913
1219,Surg & Ortho,7913,S6230,S6230|7913
1220,Surg & Ortho,7912,S423,S423|7912
1221,Surg & Ortho,7912,S4230,S4230|7912
1222,Surg & Ortho,7912,S4231,S4231|7912
1223,Surg & Ortho,7912,S525,S525|7912
1224,Surg & Ortho,7912,S5250,S5250|7912
1225,Surg & Ortho,7912,S5251,S5251|7912
1226,Surg & Ortho,7911,S423,S423|7911
1227,Surg & Ortho,7911,S4230,S4230|7911
1228,Surg & Ortho,7911,S4231,S4231|7911
1229,Surg & Ortho,7911,S525,S525|7911
1230,Surg & Ortho,7911,S5250,S5250|7911
1231,Surg & Ortho,7911,S5251,S5251|7911
1232,Surg & Ortho,7909,S423,S423|7909
1233,Surg & Ortho,7909,S4230,S4230|7909
1234,Surg & Ortho,7909,S4231,S4231|7909
1235,Surg & Ortho,7909,S525,S525|7909
1236,Surg & Ortho,7909,S5250,S5250|7909
1237,Surg & Ortho,7909,S5251,S5251|7909
1238,Surg & Ortho,7908,S423,S423|7908
1239,Surg & Ortho,7908,S4230,S4230|7908
1240,Surg & Ortho,7908,S4231,S4231|7908
1241,Surg & Ortho,7908,S525,S525|7908
1242,Surg & Ortho,7908,S5250,S5250|7908
1243,Surg & Ortho,7908,S5251,S5251|7908
1244,Surg & Ortho,7907,S423,S423|7907
1245,Surg & Ortho,7907,S4230,S4230|7907
1246,Surg & Ortho,7907,S4231,S4231|7907
1247,Surg & Ortho,7907,S525,S525|7907
1248,Surg & Ortho,7907,S5250,S5250|7907
1249,Surg & Ortho,7907,S5251,S5251|7907
1250,Surg & Ortho,7906,S423,S423|7906
1251,Surg & Ortho,7906,S4230,S4230|7906
1252,Surg & Ortho,7906,S4231,S4231|7906
1253,Surg & Ortho,7906,S525,S525|7906
1254,Surg & Ortho,7906,S5250,S5250|7906
1255,Surg & Ortho,7906,S5251,S5251|7906
1256,Surg & Ortho,7906,S800,S800|7906
1257,Surg & Ortho,7906,S801,S801|7906
1258,Surg & Ortho,7906,S807,S807|7906
1259,Surg & Ortho,7906,S808,S808|7906
1260,Surg & Ortho,7906,S8083,S8083|7906
1261,Surg & Ortho,7906,S809,S809|7906
1262,Surg & Ortho,7905,S423,S423|7905
1263,Surg & Ortho,7905,S4230,S4230|7905
1264,Surg & Ortho,7905,S4231,S4231|7905
1265,Surg & Ortho,7905,S525,S525|7905
1266,Surg & Ortho,7905,S5250,S5250|7905
1267,Surg & Ortho,7905,S5251,S5251|7905
1268,Surg & Ortho,7904,S423,S423|7904
1269,Surg & Ortho,7904,S4230,S4230|7904
1270,Surg & Ortho,7904,S4231,S4231|7904
1271,Surg & Ortho,7904,S525,S525|7904
1272,Surg & Ortho,7904,S5250,S5250|7904
1273,Surg & Ortho,7904,S5251,S5251|7904
1274,Surg & Ortho,7903,S423,S423|7903
1275,Surg & Ortho,7903,S4230,S4230|7903
1276,Surg & Ortho,7903,S4231,S4231|7903
1277,Surg & Ortho,7903,S525,S525|7903
1278,Surg & Ortho,7903,S5250,S5250|7903
1279,Surg & Ortho,7903,S5251,S5251|7903
1280,Surg & Ortho,7902,S423,S423|7902
1281,Surg & Ortho,7902,S4230,S4230|7902
1282,Surg & Ortho,7902,S4231,S4231|7902
1283,Surg & Ortho,7902,S525,S525|7902
1284,Surg & Ortho,7902,S5250,S5250|7902
1285,Surg & Ortho,7902,S5251,S5251|7902
1286,Surg & Ortho,7901,S423,S423|7901
1287,Surg & Ortho,7901,S4230,S4230|7901
1288,Surg & Ortho,7901,S4231,S4231|7901
1289,Surg & Ortho,7901,S525,S525|7901
1290,Surg & Ortho,7901,S5250,S5250|7901
1291,Surg & Ortho,7901,S5251,S5251|7901
1292,Surg & Ortho,6373,Z302,Z302|6373
1293,Surg & Ortho,5739,N218,N218|5739
1294,Surg & Ortho,5734,N218,N218|5734
1295,Surg & Ortho,5733,N218,N218|5733
1296,Surg & Ortho,5732,N218,N218|5732
1297,Surg & Ortho,5731,N218,N218|5731
1298,Surg & Ortho,5719,N210,N210|5719
1299,Surg & Ortho,5639,N40,N40|5639
1300,Surg & Ortho,5635,N40,N40|5635
1301,Surg & Ortho,5634,N40,N40|5634
1302,Surg & Ortho,5633,N40,N40|5633
1303,Surg & Ortho,5632,N40,N40|5632
1304,Surg & Ortho,5631,N40,N40|5631
1305,Surg & Ortho,5382,L72,L72|5382
1306,Surg & Ortho,5382,L720,L720|5382
1307,Surg & Ortho,5382,L721,L721|5382
1308,Surg & Ortho,5382,L722,L722|5382
1309,Surg & Ortho,5382,L728,L728|5382
1310,Surg & Ortho,5382,L729,L729|5382
1311,Surg & Ortho,5381,L72,L72|5381
1312,Surg & Ortho,5381,L720,L720|5381
1313,Surg & Ortho,5381,L721,L721|5381
1314,Surg & Ortho,5381,L722,L722|5381
1315,Surg & Ortho,5381,L728,L728|5381
1316,Surg & Ortho,5381,L729,L729|5381
1317,Surg & Ortho,5369,L72,L72|5369
1318,Surg & Ortho,5369,L720,L720|5369
1319,Surg & Ortho,5369,L721,L721|5369
1320,Surg & Ortho,5369,L722,L722|5369
1321,Surg & Ortho,5369,L728,L728|5369
1322,Surg & Ortho,5369,L729,L729|5369
1323,Surg & Ortho,5361,L72,L72|5361
1324,Surg & Ortho,5361,L720,L720|5361
1325,Surg & Ortho,5361,L721,L721|5361
1326,Surg & Ortho,5361,L722,L722|5361
1327,Surg & Ortho,5361,L728,L728|5361
1328,Surg & Ortho,5361,L729,L729|5361
1329,Surg & Ortho,5359,L72,L72|5359
1330,Surg & Ortho,5359,L720,L720|5359
1331,Surg & Ortho,5359,L721,L721|5359
1332,Surg & Ortho,5359,L722,L722|5359
1333,Surg & Ortho,5359,L728,L728|5359
1334,Surg & Ortho,5359,L729,L729|5359
1335,Surg & Ortho,5351,L72,L72|5351
1336,Surg & Ortho,5351,L720,L720|5351
1337,Surg & Ortho,5351,L721,L721|5351
1338,Surg & Ortho,5351,L722,L722|5351
1339,Surg & Ortho,5351,L728,L728|5351
1340,Surg & Ortho,5351,L729,L729|5351
1341,Surg & Ortho,5349,L72,L72|5349
1342,Surg & Ortho,5349,L720,L720|5349
1343,Surg & Ortho,5349,L721,L721|5349
1344,Surg & Ortho,5349,L722,L722|5349
1345,Surg & Ortho,5349,L728,L728|5349
1346,Surg & Ortho,5349,L729,L729|5349
1347,Surg & Ortho,5341,L72,L72|5341
1348,Surg & Ortho,5341,L720,L720|5341
1349,Surg & Ortho,5341,L721,L721|5341
1350,Surg & Ortho,5341,L722,L722|5341
1351,Surg & Ortho,5341,L728,L728|5341
1352,Surg & Ortho,5341,L729,L729|5341
1353,Surg & Ortho,5339,L72,L72|5339
1354,Surg & Ortho,5339,L720,L720|5339
1355,Surg & Ortho,5339,L721,L721|5339
1356,Surg & Ortho,5339,L722,L722|5339
1357,Surg & Ortho,5339,L728,L728|5339
1358,Surg & Ortho,5339,L729,L729|5339
1359,Surg & Ortho,5331,L72,L72|5331
1360,Surg & Ortho,5331,L720,L720|5331
1361,Surg & Ortho,5331,L721,L721|5331
1362,Surg & Ortho,5331,L722,L722|5331
1363,Surg & Ortho,5331,L728,L728|5331
1364,Surg & Ortho,5331,L729,L729|5331
1365,Surg & Ortho,5329,L72,L72|5329
1366,Surg & Ortho,5329,L720,L720|5329
1367,Surg & Ortho,5329,L721,L721|5329
1368,Surg & Ortho,5329,L722,L722|5329
1369,Surg & Ortho,5329,L728,L728|5329
1370,Surg & Ortho,5329,L729,L729|5329
1371,Surg & Ortho,5321,L72,L72|5321
1372,Surg & Ortho,5321,L720,L720|5321
1373,Surg & Ortho,5321,L721,L721|5321
1374,Surg & Ortho,5321,L722,L722|5321
1375,Surg & Ortho,5321,L728,L728|5321
1376,Surg & Ortho,5321,L729,L729|5321
1377,Surg & Ortho,5317,L72,L72|5317
1378,Surg & Ortho,5317,L720,L720|5317
1379,Surg & Ortho,5317,L721,L721|5317
1380,Surg & Ortho,5317,L722,L722|5317
1381,Surg & Ortho,5317,L728,L728|5317
1382,Surg & Ortho,5317,L729,L729|5317
1383,Surg & Ortho,5316,L72,L72|5316
1384,Surg & Ortho,5316,L720,L720|5316
1385,Surg & Ortho,5316,L721,L721|5316
1386,Surg & Ortho,5316,L722,L722|5316
1387,Surg & Ortho,5316,L728,L728|5316
1388,Surg & Ortho,5316,L729,L729|5316
1389,Surg & Ortho,5315,L72,L72|5315
1390,Surg & Ortho,5315,L720,L720|5315
1391,Surg & Ortho,5315,L721,L721|5315
1392,Surg & Ortho,5315,L722,L722|5315
1393,Surg & Ortho,5315,L728,L728|5315
1394,Surg & Ortho,5315,L729,L729|5315
1395,Surg & Ortho,5314,L72,L72|5314
1396,Surg & Ortho,5314,L720,L720|5314
1397,Surg & Ortho,5314,L721,L721|5314
1398,Surg & Ortho,5314,L722,L722|5314
1399,Surg & Ortho,5314,L728,L728|5314
1400,Surg & Ortho,5314,L729,L729|5314
1401,Surg & Ortho,5313,L72,L72|5313
1402,Surg & Ortho,5313,L720,L720|5313
1403,Surg & Ortho,5313,L721,L721|5313
1404,Surg & Ortho,5313,L722,L722|5313
1405,Surg & Ortho,5313,L728,L728|5313
1406,Surg & Ortho,5313,L729,L729|5313
1407,Surg & Ortho,5312,L72,L72|5312
1408,Surg & Ortho,5312,L720,L720|5312
1409,Surg & Ortho,5312,L721,L721|5312
1410,Surg & Ortho,5312,L722,L722|5312
1411,Surg & Ortho,5312,L728,L728|5312
1412,Surg & Ortho,5312,L729,L729|5312
1413,Surg & Ortho,5311,L72,L72|5311
1414,Surg & Ortho,5311,L720,L720|5311
1415,Surg & Ortho,5311,L721,L721|5311
1416,Surg & Ortho,5311,L722,L722|5311
1417,Surg & Ortho,5311,L728,L728|5311
1418,Surg & Ortho,5311,L729,L729|5311
1419,Surg & Ortho,5305,K40,K40|5305
1420,Surg & Ortho,5305,K400,K400|5305
1421,Surg & Ortho,5305,K401,K401|5305
1422,Surg & Ortho,5305,K402,K402|5305
1423,Surg & Ortho,5305,K403,K403|5305
1424,Surg & Ortho,5305,K404,K404|5305
1425,Surg & Ortho,5305,K409,K409|5305
1426,Surg & Ortho,5305,L72,L72|5305
1427,Surg & Ortho,5305,L720,L720|5305
1428,Surg & Ortho,5305,L721,L721|5305
1429,Surg & Ortho,5305,L722,L722|5305
1430,Surg & Ortho,5305,L728,L728|5305
1431,Surg & Ortho,5305,L729,L729|5305
1432,Surg & Ortho,5304,K40,K40|5304
1433,Surg & Ortho,5304,K400,K400|5304
1434,Surg & Ortho,5304,K401,K401|5304
1435,Surg & Ortho,5304,K402,K402|5304
1436,Surg & Ortho,5304,K403,K403|5304
1437,Surg & Ortho,5304,K404,K404|5304
1438,Surg & Ortho,5304,K409,K409|5304
1439,Surg & Ortho,5304,L72,L72|5304
1440,Surg & Ortho,5304,L720,L720|5304
1441,Surg & Ortho,5304,L721,L721|5304
1442,Surg & Ortho,5304,L722,L722|5304
1443,Surg & Ortho,5304,L728,L728|5304
1444,Surg & Ortho,5304,L729,L729|5304
1445,Surg & Ortho,5303,L72,L72|5303
1446,Surg & Ortho,5303,L720,L720|5303
1447,Surg & Ortho,5303,L721,L721|5303
1448,Surg & Ortho,5303,L722,L722|5303
1449,Surg & Ortho,5303,L728,L728|5303
1450,Surg & Ortho,5303,L729,L729|5303
1451,Surg & Ortho,5302,L72,L72|5302
1452,Surg & Ortho,5302,L720,L720|5302
1453,Surg & Ortho,5302,L721,L721|5302
1454,Surg & Ortho,5302,L722,L722|5302
1455,Surg & Ortho,5302,L728,L728|5302
1456,Surg & Ortho,5302,L729,L729|5302
1457,Surg & Ortho,5301,L72,L72|5301
1458,Surg & Ortho,5301,L720,L720|5301
1459,Surg & Ortho,5301,L721,L721|5301
1460,Surg & Ortho,5301,L722,L722|5301
1461,Surg & Ortho,5301,L728,L728|5301
1462,Surg & Ortho,5301,L729,L729|5301
1463,Surg & Ortho,4946,K640,K640|4946
1464,Surg & Ortho,4946,K641,K641|4946
1465,Surg & Ortho,4946,K642,K642|4946
1466,Surg & Ortho,4946,K643,K643|4946
1467,Surg & Ortho,4946,K644,K644|4946
1468,Surg & Ortho,4946,K645,K645|4946
1469,Surg & Ortho,4946,K648,K648|4946
1470,Surg & Ortho,4946,K649,K649|4946
1471,Surg & Ortho,4945,K640,K640|4945
1472,Surg & Ortho,4945,K641,K641|4945
1473,Surg & Ortho,4945,K642,K642|4945
1474,Surg & Ortho,4945,K643,K643|4945
1475,Surg & Ortho,4945,K644,K644|4945
1476,Surg & Ortho,4945,K645,K645|4945
1477,Surg & Ortho,4945,K648,K648|4945
1478,Surg & Ortho,4945,K649,K649|4945
1479,Surg & Ortho,4939,K640,K640|4939
1480,Surg & Ortho,4939,K641,K641|4939
1481,Surg & Ortho,4939,K642,K642|4939
1482,Surg & Ortho,4939,K643,K643|4939
1483,Surg & Ortho,4939,K644,K644|4939
1484,Surg & Ortho,4939,K645,K645|4939
1485,Surg & Ortho,4939,K648,K648|4939
1486,Surg & Ortho,4939,K649,K649|4939
1487,Surg & Ortho,4912,K603,K603|4912
1488,Surg & Ortho,4709,K358,K358|4709
1489,Surg & Ortho,2171,S0220,S0220|2171
1490,Surg & Ortho,863,R220,R220|863
1491,Surg & Ortho,863,R221,R221|863
1492,Surg & Ortho,863,R222,R222|863
1493,Surg & Ortho,863,R223,R223|863
1494,Surg & Ortho,863,R224,R224|863
1495,Surg & Ortho,863,R227,R227|863
1496,Surg & Ortho,863,R229,R229|863
1497,Surg & Ortho,814,M230,M230|814
1498,Surg & Ortho,814,M2300,M2300|814
1499,Surg & Ortho,814,M2301,M2301|814
1500,Surg & Ortho,814,M2302,M2302|814
1501,Surg & Ortho,814,M2303,M2303|814
1502,Surg & Ortho,814,M2304,M2304|814
1503,Surg & Ortho,814,M2305,M2305|814
1504,Surg & Ortho,814,M2306,M2306|814
1505,Surg & Ortho,814,M2309,M2309|814
1506,Surg & Ortho,814,M231,M231|814
1507,Surg & Ortho,814,M2310,M2310|814
1508,Surg & Ortho,814,M2311,M2311|814
1509,Surg & Ortho,814,M2312,M2312|814
1510,Surg & Ortho,814,M2313,M2313|814
1511,Surg & Ortho,814,M2314,M2314|814
1512,Surg & Ortho,814,M2315,M2315|814
1513,Surg & Ortho,814,M2316,M2316|814
1514,Surg & Ortho,814,M2319,M2319|814
1515,Surg & Ortho,814,M232,M232|814
1516,Surg & Ortho,814,M2320,M2320|814
1517,Surg & Ortho,814,M2321,M2321|814
1518,Surg & Ortho,814,M2322,M2322|814
1519,Surg & Ortho,814,M2323,M2323|814
1520,Surg & Ortho,814,M2324,M2324|814
1521,Surg & Ortho,814,M2325,M2325|814
1522,Surg & Ortho,814,M2326,M2326|814
1523,Surg & Ortho,814,M2329,M2329|814
1524,Surg & Ortho,814,M233,M233|814
1525,Surg & Ortho,814,M2330,M2330|814
1526,Surg & Ortho,814,M2331,M2331|814
1527,Surg & Ortho,814,M2332,M2332|814
1528,Surg & Ortho,814,M2333,M2333|814
1529,Surg & Ortho,814,M2334,M2334|814
1530,Surg & Ortho,814,M2335,M2335|814
1531,Surg & Ortho,814,M2336,M2336|814
1532,Surg & Ortho,814,M2339,M2339|814
1533,Surg & Ortho,814,M234,M234|814
1534,Surg & Ortho,814,M2340,M2340|814
1535,Surg & Ortho,814,M2349,M2349|814
1536,Surg & Ortho,814,M235,M235|814
1537,Surg & Ortho,814,M2350,M2350|814
1538,Surg & Ortho,814,M2351,M2351|814
1539,Surg & Ortho,814,M2352,M2352|814
1540,Surg & Ortho,814,M2353,M2353|814
1541,Surg & Ortho,814,M2354,M2354|814
1542,Surg & Ortho,814,M2355,M2355|814
1543,Surg & Ortho,814,M2356,M2356|814
1544,Surg & Ortho,814,M2357,M2357|814
1545,Surg & Ortho,814,M2359,M2359|814
1546,Surg & Ortho,814,M236,M236|814
1547,Surg & Ortho,814,M2360,M2360|814
1548,Surg & Ortho,814,M2361,M2361|814
1549,Surg & Ortho,814,M2362,M2362|814
1550,Surg & Ortho,814,M2363,M2363|814
1551,Surg & Ortho,814,M2364,M2364|814
1552,Surg & Ortho,814,M2367,M2367|814
1553,Surg & Ortho,814,M2369,M2369|814
1554,Surg & Ortho,814,M238,M238|814
1555,Surg & Ortho,814,M2380,M2380|814
1556,Surg & Ortho,814,M2381,M2381|814
1557,Surg & Ortho,814,M2382,M2382|814
1558,Surg & Ortho,814,M2383,M2383|814
1559,Surg & Ortho,814,M2384,M2384|814
1560,Surg & Ortho,814,M2385,M2385|814
1561,Surg & Ortho,814,M2386,M2386|814
1562,Surg & Ortho,814,M2387,M2387|814
1563,Surg & Ortho,814,M2389,M2389|814
1564,Surg & Ortho,814,M239,M239|814
1565,Surg & Ortho,814,M2390,M2390|814
1566,Surg & Ortho,814,M2391,M2391|814
1567,Surg & Ortho,814,M2392,M2392|814
1568,Surg & Ortho,814,M2393,M2393|814
1569,Surg & Ortho,814,M2394,M2394|814
1570,Surg & Ortho,814,M2395,M2395|814
1571,Surg & Ortho,814,M2396,M2396|814
1572,Surg & Ortho,814,M2397,M2397|814
1573,Surg & Ortho,814,M2399,M2399|814
1574,Surg & Ortho,802,M139,M139|802
1575,Surg & Ortho,802,M1390,M1390|802
1576,Surg & Ortho,802,M1391,M1391|802
1577,Surg & Ortho,802,M1392,M1392|802
1578,Surg & Ortho,802,M1393,M1393|802
1579,Surg & Ortho,802,M1394,M1394|802
1580,Surg & Ortho,802,M1395,M1395|802
1581,Surg & Ortho,802,M1396,M1396|802
1582,Surg & Ortho,802,M1397,M1397|802
1583,Surg & Ortho,802,M1398,M1398|802
1584,Surg & Ortho,802,M1399,M1399|802
1585,Surg & Ortho,799,S423,S423|799
1586,Surg & Ortho,799,S4230,S4230|799
1587,Surg & Ortho,799,S4231,S4231|799
1588,Surg & Ortho,799,S525,S525|799
1589,Surg & Ortho,799,S5250,S5250|799
1590,Surg & Ortho,799,S5251,S5251|799
1591,Surg & Ortho,798,S423,S423|798
1592,Surg & Ortho,798,S4230,S4230|798
1593,Surg & Ortho,798,S4231,S4231|798
1594,Surg & Ortho,798,S525,S525|798
1595,Surg & Ortho,798,S5250,S5250|798
1596,Surg & Ortho,798,S5251,S5251|798
1597,Surg & Ortho,797,S423,S423|797
1598,Surg & Ortho,797,S4230,S4230|797
1599,Surg & Ortho,797,S4231,S4231|797
1600,Surg & Ortho,797,S525,S525|797
1601,Surg & Ortho,797,S5250,S5250|797
1602,Surg & Ortho,797,S5251,S5251|797
1603,Surg & Ortho,796,S423,S423|796
1604,Surg & Ortho,796,S4230,S4230|796
1605,Surg & Ortho,796,S4231,S4231|796
1606,Surg & Ortho,796,S525,S525|796
1607,Surg & Ortho,796,S5250,S5250|796
1608,Surg & Ortho,796,S5251,S5251|796
1609,Surg & Ortho,795,S423,S423|795
1610,Surg & Ortho,795,S4230,S4230|795
1611,Surg & Ortho,795,S4231,S4231|795
1612,Surg & Ortho,795,S525,S525|795
1613,Surg & Ortho,795,S5250,S5250|795
1614,Surg & Ortho,795,S5251,S5251|795
1615,Surg & Ortho,794,S423,S423|794
1616,Surg & Ortho,794,S4230,S4230|794
1617,Surg & Ortho,794,S4231,S4231|794
1618,Surg & Ortho,794,S525,S525|794
1619,Surg & Ortho,794,S5250,S5250|794
1620,Surg & Ortho,794,S5251,S5251|794
1621,Surg & Ortho,793,S422,S422|793
1622,Surg & Ortho,793,S4220,S4220|793
1623,Surg & Ortho,793,S4221,S4221|793
1624,Surg & Ortho,793,S423,S423|793
1625,Surg & Ortho,793,S4230,S4230|793
1626,Surg & Ortho,793,S4231,S4231|793
1627,Surg & Ortho,793,S525,S525|793
1628,Surg & Ortho,793,S5250,S5250|793
1629,Surg & Ortho,793,S5251,S5251|793
1630,Surg & Ortho,792,S423,S423|792
1631,Surg & Ortho,792,S4230,S4230|792
1632,Surg & Ortho,792,S4231,S4231|792
1633,Surg & Ortho,792,S525,S525|792
1634,Surg & Ortho,792,S5250,S5250|792
1635,Surg & Ortho,792,S5251,S5251|792
1636,Surg & Ortho,791,S423,S423|791
1637,Surg & Ortho,791,S4230,S4230|791
1638,Surg & Ortho,791,S4231,S4231|791
1639,Surg & Ortho,791,S525,S525|791
1640,Surg & Ortho,791,S5250,S5250|791
1641,Surg & Ortho,791,S5251,S5251|791
1642,Surg & Ortho,573,N218,N218|573
1643,Surg & Ortho,563,N40,N40|563
1644,Surg & Ortho,538,L72,L72|538
1645,Surg & Ortho,538,L720,L720|538
1646,Surg & Ortho,538,L721,L721|538
1647,Surg & Ortho,538,L722,L722|538
1648,Surg & Ortho,538,L728,L728|538
1649,Surg & Ortho,538,L729,L729|538
1650,Surg & Ortho,537,L72,L72|537
1651,Surg & Ortho,537,L720,L720|537
1652,Surg & Ortho,537,L721,L721|537
1653,Surg & Ortho,537,L722,L722|537
1654,Surg & Ortho,537,L728,L728|537
1655,Surg & Ortho,537,L729,L729|537
1656,Surg & Ortho,536,L72,L72|536
1657,Surg & Ortho,536,L720,L720|536
1658,Surg & Ortho,536,L721,L721|536
1659,Surg & Ortho,536,L722,L722|536
1660,Surg & Ortho,536,L728,L728|536
1661,Surg & Ortho,536,L729,L729|536
1662,Surg & Ortho,535,L72,L72|535
1663,Surg & Ortho,535,L720,L720|535
1664,Surg & Ortho,535,L721,L721|535
1665,Surg & Ortho,535,L722,L722|535
1666,Surg & Ortho,535,L728,L728|535
1667,Surg & Ortho,535,L729,L729|535
1668,Surg & Ortho,534,L72,L72|534
1669,Surg & Ortho,534,L720,L720|534
1670,Surg & Ortho,534,L721,L721|534
1671,Surg & Ortho,534,L722,L722|534
1672,Surg & Ortho,534,L728,L728|534
1673,Surg & Ortho,534,L729,L729|534
1674,Surg & Ortho,533,L72,L72|533
1675,Surg & Ortho,533,L720,L720|533
1676,Surg & Ortho,533,L721,L721|533
1677,Surg & Ortho,533,L722,L722|533
1678,Surg & Ortho,533,L728,L728|533
1679,Surg & Ortho,533,L729,L729|533
1680,Surg & Ortho,532,L72,L72|532
1681,Surg & Ortho,532,L720,L720|532
1682,Surg & Ortho,532,L721,L721|532
1683,Surg & Ortho,532,L722,L722|532
1684,Surg & Ortho,532,L728,L728|532
1685,Surg & Ortho,532,L729,L729|532
1686,Surg & Ortho,531,L72,L72|531
1687,Surg & Ortho,531,L720,L720|531
1688,Surg & Ortho,531,L721,L721|531
1689,Surg & Ortho,531,L722,L722|531
1690,Surg & Ortho,531,L728,L728|531
1691,Surg & Ortho,531,L729,L729|531
1692,Surg & Ortho,309,M512,M512|309
1693,Surg & Ortho,79,S423,S423|79
1694,Surg & Ortho,79,S4230,S4230|79
1695,Surg & Ortho,79,S4231,S4231|79
1696,Surg & Ortho,79,S525,S525|79
1697,Surg & Ortho,79,S5250,S5250|79
1698,Surg & Ortho,79,S5251,S5251|79
1699,Surg & Ortho,57,N211,N211|57
1700,Surg & Ortho,56,N200,N200|56
1701,Surg & Ortho,53,L72,L72|53
1702,Surg & Ortho,53,L720,L720|53
1703,Surg & Ortho,53,L721,L721|53
1704,Surg & Ortho,53,L722,L722|53
1705,Surg & Ortho,53,L729,L729|53
1706,Surg & Ortho,31,M512,M512|31
1707,Surg & Ortho,24,S098,S098|24
1708,Surg & Ortho,22,I618,I618|22
1709,Surg & Ortho,22,S000,S000|22
1710,Surg & Ortho,22,S001,S001|22
1711,Surg & Ortho,22,S002,S002|22
1712,Surg & Ortho,22,S003,S003|22
1713,Surg & Ortho,22,S004,S004|22
1714,Surg & Ortho,22,S005,S005|22
1715,Surg & Ortho,22,S0050,S0050|22
1716,Surg & Ortho,22,S0051,S0051|22
1717,Surg & Ortho,22,S0052,S0052|22
1718,Surg & Ortho,22,S0059,S0059|22
1719,Surg & Ortho,22,S007,S007|22
1720,Surg & Ortho,22,S008,S008|22
1721,Surg & Ortho,22,S009,S009|22
1722,Surg & Ortho,22,S065,S065|22
1723,Surg & Ortho,22,S0650,S0650|22
1724,Surg & Ortho,22,S0651,S0651|22
1725,Surg & Ortho,22,S069,S069|22
1726,Surg & Ortho,22,S0690,S0690|22
1727,Surg & Ortho,22,S0691,S0691|22
1728,Surg & Ortho,22,S098,S098|22
1729,Surg & Ortho,12,I618,I618|12
1730,Surg & Ortho,12,S000,S000|12
1731,Surg & Ortho,12,S001,S001|12
1732,Surg & Ortho,12,S002,S002|12
1733,Surg & Ortho,12,S003,S003|12
1734,Surg & Ortho,12,S004,S004|12
1735,Surg & Ortho,12,S005,S005|12
1736,Surg & Ortho,12,S0050,S0050|12
1737,Surg & Ortho,12,S0051,S0051|12
1738,Surg & Ortho,12,S0052,S0052|12
1739,Surg & Ortho,12,S0059,S0059|12
1740,Surg & Ortho,12,S007,S007|12
1741,Surg & Ortho,12,S008,S008|12
1742,Surg & Ortho,12,S009,S009|12
1743,Surg & Ortho,12,S065,S065|12
1744,Surg & Ortho,12,S0650,S0650|12
1745,Surg & Ortho,12,S0651,S0651|12
1746,Surg & Ortho,12,S069,S069|12
1747,Surg & Ortho,12,S0690,S0690|12
1748,Surg & Ortho,12,S0691,S0691|12
1749,Surg & Ortho,12,S098,S098|12
1750,MED,8876,A410,A410|8876
1751,MED,8876,A411,A411|8876
1752,MED,8876,A412,A412|8876
1753,MED,8876,A413,A413|8876
1754,MED,8876,A414,A414|8876
1755,MED,8876,A415,A415|8876
1756,MED,8876,A418,A418|8876
1757,MED,8876,A419,A419|8876
1758,MED,8875,A410,A410|8875
1759,MED,8875,A411,A411|8875
1760,MED,8875,A412,A412|8875
1761,MED,8875,A413,A413|8875
1762,MED,8875,A414,A414|8875
1763,MED,8875,A415,A415|8875
1764,MED,8875,A418,A418|8875
1765,MED,8875,A419,A419|8875
1766,MED,62,E04,E04|62
1767,MED,62,E040,E040|62
1768,MED,62,E041,E041|62
1769,MED,62,E042,E042|62
1770,MED,62,E048,E048|62
1771,MED,62,E049,E049|62
1772,MED,62,E07,E07|62
1773,MED,62,E070,E070|62
1774,MED,62,E071,E071|62
1775,MED,62,E078,E078|62
1776,MED,62,E079,E079|62
1777,MED,8917,G473,G473|8917
1778,MED,1809,H91,H91|1809
1779,MED,2079,H91,H91|2079
1780,MED,2009,H91,H91|2009
1781,MED,1809,H910,H910|1809
1782,MED,2079,H910,H910|2079
1783,MED,2009,H910,H910|2009
1784,MED,1809,H911,H911|1809
1785,MED,2079,H911,H911|2079
1786,MED,2009,H911,H911|2009
1787,MED,1809,H912,H912|1809
1788,MED,2079,H912,H912|2079
1789,MED,2009,H912,H912|2009
1790,MED,1809,H913,H913|1809
1791,MED,2079,H913,H913|2079
1792,MED,2009,H913,H913|2009
1793,MED,1809,H918,H918|1809
1794,MED,2079,H918,H918|2079
1795,MED,2009,H918,H918|2009
1796,MED,1809,H919,H919|1809
1797,MED,2079,H919,H919|2079
1798,MED,2009,H919,H919|2009
1799,MED,8744,J12,J12|8744
1800,MED,8741,J12,J12|8741
1801,MED,8744,J120,J120|8744
1802,MED,8741,J120,J120|8741
1803,MED,8744,J121,J121|8744
1804,MED,8741,J121,J121|8741
1805,MED,8744,J122,J122|8744
1806,MED,8741,J122,J122|8741
1807,MED,8744,J123,J123|8744
1808,MED,8741,J123,J123|8741
1809,MED,8744,J128,J128|8744
1810,MED,8741,J128,J128|8741
1811,MED,8744,J129,J129|8744
1812,MED,8741,J129,J129|8741
1813,MED,8744,J13,J13|8744
1814,MED,8741,J13,J13|8741
1815,MED,8744,J14,J14|8744
1816,MED,8741,J14,J14|8741
1817,MED,8744,J15,J15|8744
1818,MED,8741,J15,J15|8741
1819,MED,8744,J150,J150|8744
1820,MED,8741,J150,J150|8741
1821,MED,8744,J151,J151|8744
1822,MED,8741,J151,J151|8741
1823,MED,8744,J152,J152|8744
1824,MED,8741,J152,J152|8741
1825,MED,8744,J153,J153|8744
1826,MED,8741,J153,J153|8741
1827,MED,8744,J154,J154|8744
1828,MED,8741,J154,J154|8741
1829,MED,8744,J155,J155|8744
1830,MED,8741,J155,J155|8741
1831,MED,8744,J156,J156|8744
1832,MED,8741,J156,J156|8741
1833,MED,8744,J157,J157|8744
1834,MED,8741,J157,J157|8741
1835,MED,8744,J158,J158|8744
1836,MED,8741,J158,J158|8741
1837,MED,8744,J159,J159|8744
1838,MED,8741,J159,J159|8741
1839,MED,8744,J16,J16|8744
1840,MED,8741,J16,J16|8741
1841,MED,8744,J160,J160|8744
1842,MED,8741,J160,J160|8741
1843,MED,8744,J168,J168|8744
1844,MED,8741,J168,J168|8741
1845,MED,8744,J17,J17|8744
1846,MED,8741,J17,J17|8741
1847,MED,8744,J170,J170|8744
1848,MED,8741,J170,J170|8741
1849,MED,8744,J171,J171|8744
1850,MED,8741,J171,J171|8741
1851,MED,8744,J172,J172|8744
1852,MED,8741,J172,J172|8741
1853,MED,8744,J173,J173|8744
1854,MED,8741,J173,J173|8741
1855,MED,8744,J178,J178|8744
1856,MED,8741,J178,J178|8741
1857,MED,8744,J18,J18|8744
1858,MED,8741,J18,J18|8741
1859,MED,8744,J180,J180|8744
1860,MED,8741,J180,J180|8741
1861,MED,8744,J181,J181|8744
1862,MED,8741,J181,J181|8741
1863,MED,8744,J182,J182|8744
1864,MED,8741,J182,J182|8741
1865,MED,8744,J188,J188|8744
1866,MED,8741,J188,J188|8741
1867,MED,8744,J189,J189|8744
1868,MED,8741,J189,J189|8741
1869,MED,2219,J32,J32|2219
1870,MED,2219,J320,J320|2219
1871,MED,2219,J321,J321|2219
1872,MED,2219,J322,J322|2219
1873,MED,2219,J323,J323|2219
1874,MED,2219,J324,J324|2219
1875,MED,2219,J328,J328|2219
1876,MED,2219,J329,J329|2219
1877,MED,2263,J32,J32|2263
1878,MED,2263,J320,J320|2263
1879,MED,2263,J321,J321|2263
1880,MED,2263,J322,J322|2263
1881,MED,2263,J323,J323|2263
1882,MED,2263,J324,J324|2263
1883,MED,2263,J328,J328|2263
1884,MED,2263,J329,J329|2263
1885,MED,282,J350,J350|282
1886,MED,2749,K137,K137|2749
1887,MED,8875,N300,N300|8875
1888,GI,4513,A090,A090|4513
1889,GI,4516,A099,A099|4516
1890,GI,8876,A099,A099|8876
1891,GI,8876,B15,B15|8876
1892,GI,8876,B150,B150|8876
1893,GI,8876,B159,B159|8876
1894,GI,8876,B16,B16|8876
1895,GI,8876,B160,B160|8876
1896,GI,8876,B161,B161|8876
1897,GI,8876,B162,B162|8876
1898,GI,8876,B169,B169|8876
1899,GI,8876,B17,B17|8876
1900,GI,8876,B170,B170|8876
1901,GI,8876,B171,B171|8876
1902,GI,8876,B172,B172|8876
1903,GI,8876,B178,B178|8876
1904,GI,8876,B179,B179|8876
1905,GI,8876,B18,B18|8876
1906,GI,8876,B180,B180|8876
1907,GI,8876,B181,B181|8876
1908,GI,8876,B182,B182|8876
1909,GI,8876,B188,B188|8876
1910,GI,8876,B189,B189|8876
1911,GI,8876,B19,B19|8876
1912,GI,8876,B190,B190|8876
1913,GI,8876,B199,B199|8876
1914,GI,4513,B980,B980|4513
1915,GI,4516,B980,B980|4516
1916,GI,4523,B980,B980|4523
1917,GI,4525,B980,B980|4525
1918,GI,4513,K219,K219|4513
1919,GI,4516,K219,K219|4516
1920,GI,4513,K297,K297|4513
1921,GI,4516,K297,K297|4516
1922,GI,4513,K590,K590|4513
1923,GI,4516,K590,K590|4516
1924,GI,4513,K635,K635|4513
1925,GI,4516,K635,K635|4516
1926,GI,4523,K635,K635|4523
1927,GI,4525,K635,K635|4525
1928,GI,9202,K746,K746|9202
1929,GI,8876,K746,K746|8876
1930,GI,9202,K75,K75|9202
1931,GI,8876,K750,K750|8876
1932,GI,9202,K751,K751|9202
1933,GI,8876,K752,K752|8876
1934,GI,9202,K753,K753|9202
1935,GI,8876,K754,K754|8876
1936,GI,9202,K758,K758|9202
1937,GI,8876,K759,K759|8876
1938,GI,8876,K75,K75|8876
1939,GI,9202,K750,K750|9202
1940,GI,8876,K751,K751|8876
1941,GI,9202,K752,K752|9202
1942,GI,8876,K753,K753|8876
1943,GI,9202,K754,K754|9202
1944,GI,8876,K758,K758|8876
1945,GI,9202,K759,K759|9202
1946,GI,9202,K760,K760|9202
1947,GI,8876,K760,K760|8876
1948,GI,8876,K768,K768|8876
1949,GI,5122,K800,K800|5122
1950,GI,5123,K800,K800|5123
1951,GI,8876,K802,K802|8876
1952,GI,5122,K802,K802|5122
1953,GI,5123,K802,K802|5123
1954,GI,8876,K828,K828|8876
1955,GI,4513,R10,R10|4513
1956,GI,4513,R100,R100|4513
1957,GI,4513,R101,R101|4513
1958,GI,4513,R102,R102|4513
1959,GI,4513,R103,R103|4513
1960,GI,4513,R104,R104|4513
1961,GI,4516,R10,R10|4516
1962,GI,4516,R100,R100|4516
1963,GI,4516,R101,R101|4516
1964,GI,4516,R102,R102|4516
1965,GI,4516,R103,R103|4516
1966,GI,4516,R104,R104|4516
1967,GI,5491,R18,R18|5491
1968,GI,4513,R195,R195|4513
1969,GI,4516,R195,R195|4516
1970,GI,4523,R195,R195|4523
1971,GI,4525,R195,R195|4525
1972,Neuro,8703,G409,G409|8703
1973,Neuro,8891,G409,G409|8891
1974,Neuro,8703,I639,I639|8703
1975,Neuro,8891,I639,I639|8891
1976,Neuro,8703,I69,I69|8703
1977,Neuro,8703,I690,I690|8703
1978,Neuro,8703,I691,I691|8703
1979,Neuro,8703,I692,I692|8703
1980,Neuro,8703,I693,I693|8703
1981,Neuro,8703,I694,I694|8703
1982,Neuro,8703,I698,I698|8703
1983,Neuro,8891,I69,I69|8891
1984,Neuro,8891,I690,I690|8891
1985,Neuro,8891,I691,I691|8891
1986,Neuro,8891,I692,I692|8891
1987,Neuro,8891,I693,I693|8891
1988,Neuro,8891,I694,I694|8891
1989,Neuro,8891,I698,I698|8891
1990,Cardio,8873,Z136,Z136|8873
1991,Cardio,8952,Z136,Z136|8952
1992,Cardio,8941,Z136,Z136|8941
1993,OBG,8926,B373,B373|8926
1994,OBG,6849,D25,D25|6849
1995,OBG,6829,D25,D25|6829
1996,OBG,6859,D25,D25|6859
1997,OBG,685,D25,D25|685
1998,OBG,6841,D25,D25|6841
1999,OBG,6849,D250,D250|6849
2000,OBG,6829,D250,D250|6829
2001,OBG,6859,D250,D250|6859
2002,OBG,685,D250,D250|685
2003,OBG,6841,D250,D250|6841
2004,OBG,6849,D251,D251|6849
2005,OBG,6829,D251,D251|6829
2006,OBG,6859,D251,D251|6859
2007,OBG,685,D251,D251|685
2008,OBG,6841,D251,D251|6841
2009,OBG,6849,D252,D252|6849
2010,OBG,6829,D252,D252|6829
2011,OBG,6859,D252,D252|6859
2012,OBG,685,D252,D252|685
2013,OBG,6841,D252,D252|6841
2014,OBG,6849,D259,D259|6849
2015,OBG,6829,D259,D259|6829
2016,OBG,6859,D259,D259|6859
2017,OBG,685,D259,D259|685
2018,OBG,6841,D259,D259|6841
2019,OBG,7123,N751,N751|7123
2020,OBG,6529,N80,N80|6529
2021,OBG,6529,N800,N800|6529
2022,OBG,6529,N801,N801|6529
2023,OBG,6529,N802,N802|6529
2024,OBG,6529,N803,N803|6529
2025,OBG,6529,N804,N804|6529
2026,OBG,6529,N805,N805|6529
2027,OBG,6529,N806,N806|6529
2028,OBG,6529,N808,N808|6529
2029,OBG,6529,N809,N809|6529
2030,OBG,5459,N80,N80|5459
2031,OBG,5459,N800,N800|5459
2032,OBG,5459,N801,N801|5459
2033,OBG,5459,N802,N802|5459
2034,OBG,5459,N803,N803|5459
2035,OBG,5459,N804,N804|5459
2036,OBG,5459,N805,N805|5459
2037,OBG,5459,N806,N806|5459
2038,OBG,5459,N808,N808|5459
2039,OBG,5459,N809,N809|5459
2040,OBG,6529,N832,N832|6529
2041,OBG,5459,N832,N832|5459
2042,OBG,6959,N85,N85|6959
2043,OBG,6959,N850,N850|6959
2044,OBG,6959,N851,N851|6959
2045,OBG,6959,N852,N852|6959
2046,OBG,6959,N853,N853|6959
2047,OBG,6959,N854,N854|6959
2048,OBG,6959,N855,N855|6959
2049,OBG,6959,N856,N856|6959
2050,OBG,6959,N857,N857|6959
2051,OBG,6959,N858,N858|6959
2052,OBG,6959,N859,N859|6959
2053,OBG,6959,N926,N926|6959
2054,OBG,6909,N939,N939|6909
2055,OBG,6952,O06,O06|6952
2056,OBG,6952,O060,O060|6952
2057,OBG,6952,O061,O061|6952
2058,OBG,6952,O062,O062|6952
2059,OBG,6952,O063,O063|6952
2060,OBG,6952,O064,O064|6952
2061,OBG,6952,O065,O065|6952
2062,OBG,6952,O066,O066|6952
2063,OBG,6952,O067,O067|6952
2064,OBG,6952,O068,O068|6952
2065,OBG,6952,O069,O069|6952
2066,OBG,741,O342,O342|741
2067,OBG,6949,O342,O342|6949
2068,OBG,5459,O342,O342|5459
2069,OBG,6632,O342,O342|6632
2070,OBG,7359,O80,O80|7359
2071,OBG,7359,O800,O800|7359
2072,OBG,7359,O801,O801|7359
2073,OBG,7359,O808,O808|7359
2074,OBG,7359,O809,O809|7359
2075,OBG,741,O820,O820|741
2076,OBG,6949,O820,O820|6949
2077,OBG,5459,O820,O820|5459
2078,OBG,6632,O820,O820|6632
2079,OBG,9955,Z258,Z258|9955
2080,OBG,8878,Z340,Z340|8878
2081,OBG,7536,Z340,Z340|7536
2082,OBG,8878,Z355,Z355|8878
2083,OBG,7534,Z355,Z355|7534
2084,OBG,8878,Z358,Z358|8878
2085,OBG,7535,Z358,Z358|7535
2086,OBG,8878,Z363,Z363|8878
2087,OBG,7534,Z363,Z363|7534
2088,OBG,8879,Z392,Z392|8879
2089,OBG,8926,Z392,Z392|8926
2090,Eye,809,H00,H00|809
2091,Eye,9651,H041,H041|9651
2092,Eye,1132,H110,H110|1132
2093,Eye,1139,H110,H110|1139
2094,Eye,1341,H25,H25|1341
2095,Eye,1341,H250,H250|1341
2096,Eye,1341,H251,H251|1341
2097,Eye,1341,H252,H252|1341
2098,Eye,1341,H258,H258|1341
2099,Eye,1341,H259,H259|1341
2100,Eye,1341,H26,H26|1341
2101,Eye,1341,H260,H260|1341
2102,Eye,1341,H261,H261|1341
2103,Eye,1341,H262,H262|1341
2104,Eye,1341,H263,H263|1341
2105,Eye,1341,H264,H264|1341
2106,Eye,1341,H268,H268|1341
2107,Eye,1341,H269,H269|1341
2108,Eye,1341,H27,H27|1341
2109,Eye,1341,H270,H270|1341
2110,Eye,1341,H271,H271|1341
2111,Eye,1341,H278,H278|1341
2112,Eye,1341,H279,H279|1341
2113,Eye,1341,H28,H28|1341
2114,Eye,1341,H280,H280|1341
2115,Eye,1341,H281,H281|1341
2116,Eye,1341,H282,H282|1341
2117,Eye,1341,H288,H288|1341
2118,Eye,1371,H25,H25|1371
2119,Eye,1371,H250,H250|1371
2120,Eye,1371,H251,H251|1371
2121,Eye,1371,H252,H252|1371
2122,Eye,1371,H258,H258|1371
2123,Eye,1371,H259,H259|1371
2124,Eye,1371,H26,H26|1371
2125,Eye,1371,H260,H260|1371
2126,Eye,1371,H261,H261|1371
2127,Eye,1371,H262,H262|1371
2128,Eye,1371,H263,H263|1371
2129,Eye,1371,H264,H264|1371
2130,Eye,1371,H268,H268|1371
2131,Eye,1371,H269,H269|1371
2132,Eye,1371,H27,H27|1371
2133,Eye,1371,H270,H270|1371
2134,Eye,1371,H271,H271|1371
2135,Eye,1371,H278,H278|1371
2136,Eye,1371,H279,H279|1371
2137,Eye,1371,H28,H28|1371
2138,Eye,1371,H280,H280|1371
2139,Eye,1371,H281,H281|1371
2140,Eye,1371,H282,H282|1371
2141,Eye,1371,H288,H288|1371
2142,Eye,9821,T15,T15|9821
2143,Eye,9821,T150,T150|9821
2144,PED,8741,A499,A499|8741
2145,PED,8876,A499,A499|8876
2146,PED,8744,J00,J00|8744
2147,PED,8744,J050,J050|8744
2148,PED,8744,J12,J12|8744
2149,PED,8744,J120,J120|8744
2150,PED,8744,J121,J121|8744
2151,PED,8744,J122,J122|8744
2152,PED,8744,J123,J123|8744
2153,PED,8744,J128,J128|8744
2154,PED,8744,J129,J129|8744
2155,PED,8744,J13,J13|8744
2156,PED,8744,J14,J14|8744
2157,PED,8744,J15,J15|8744
2158,PED,8744,J150,J150|8744
2159,PED,8744,J151,J151|8744
2160,PED,8744,J152,J152|8744
2161,PED,8744,J153,J153|8744
2162,PED,8744,J154,J154|8744
2163,PED,8744,J155,J155|8744
2164,PED,8744,J156,J156|8744
2165,PED,8744,J157,J157|8744
2166,PED,8744,J158,J158|8744
2167,PED,8744,J159,J159|8744
2168,PED,8744,J16,J16|8744
2169,PED,8744,J160,J160|8744
2170,PED,8744,J168,J168|8744
2171,PED,8744,J17,J17|8744
2172,PED,8744,J170,J170|8744
2173,PED,8744,J171,J171|8744
2174,PED,8744,J172,J172|8744
2175,PED,8744,J173,J173|8744
2176,PED,8744,J178,J178|8744
2177,PED,8744,J18,J18|8744
2178,PED,8744,J180,J180|8744
2179,PED,8744,J181,J181|8744
2180,PED,8744,J182,J182|8744
2181,PED,8744,J188,J188|8744
2182,PED,8744,J189,J189|8744
2183,PED,2592,Q381,Q381|2592
2184,PED,8876,R104,R104|8876
2185,PED,4011,R50,R50|4011
2186,PED,4131,R50,R50|4131
2187,PED,8744,R50,R50|8744
2188,PED,8801,R50,R50|8801
2189,PED,8952,R50,R50|8952
2190,PED,4011,R500,R500|4011
2191,PED,4131,R500,R500|4131
2192,PED,8744,R500,R500|8744
2193,PED,8801,R500,R500|8801
2194,PED,8952,R500,R500|8952
2195,PED,4011,R501,R501|4011
2196,PED,4131,R501,R501|4131
2197,PED,8744,R501,R501|8744
2198,PED,8801,R501,R501|8801
2199,PED,8952,R501,R501|8952
2200,PED,4011,R508,R508|4011
2201,PED,4131,R508,R508|4131
2202,PED,8744,R508,R508|8744
2203,PED,8801,R508,R508|8801
2204,PED,8952,R508,R508|8952
2205,PED,4011,R509,R509|4011
2206,PED,4131,R509,R509|4131
2207,PED,8744,R509,R509|8744
2208,PED,8801,R509,R509|8801
2209,PED,8952,R509,R509|8952
2210,PED,8703,R560,R560|8703
2211,PED,8891,R560,R560|8891
2212,PED,9955,Z238,Z238|9955
2213,PED,9953,Z241,Z241|9953
2214,PED,9955,Z246,Z246|9955
2215,PED,9952,Z251,Z251|9952
2216,PED,9955,Z258,Z258|9955
2217,PED,9939,Z273,Z273|9939
2218,PED,9955,Z274,Z274|9955
