-- phpMyAdmin SQL Dump
-- version 5.2.0
-- https://www.phpmyadmin.net/
--
-- Host: 127.0.0.1
-- Generation Time: Feb 06, 2023 at 11:28 AM
-- Server version: 10.4.27-MariaDB
-- PHP Version: 7.4.33

SET SQL_MODE = "NO_AUTO_VALUE_ON_ZERO";
START TRANSACTION;
SET time_zone = "+00:00";


/*!40101 SET @OLD_CHARACTER_SET_CLIENT=@@CHARACTER_SET_CLIENT */;
/*!40101 SET @OLD_CHARACTER_SET_RESULTS=@@CHARACTER_SET_RESULTS */;
/*!40101 SET @OLD_COLLATION_CONNECTION=@@COLLATION_CONNECTION */;
/*!40101 SET NAMES utf8mb4 */;

--
-- Database: `cmi`
--

-- --------------------------------------------------------

--
-- Table structure for table `base`
--

CREATE TABLE `base` (
  `id_base` int(11) NOT NULL,
  `department` int(11) NOT NULL,
  `icd9` varchar(20) NOT NULL,
  `icd10` varchar(20) NOT NULL,
  `find` varchar(15) NOT NULL
) ENGINE=InnoDB DEFAULT CHARSET=utf8mb4 COLLATE=utf8mb4_general_ci;

--
-- Dumping data for table `base`
--

INSERT INTO `base` (`id_base`, `department`, `icd9`, `icd10`, `find`) VALUES
(1, 1, '8873', 'Z136', 'Z136|8873'),
(2, 1, '8941', 'Z136', 'Z136|8941'),
(3, 1, '8952', 'Z136', 'Z136|8952'),
(4, 2, '809', 'H00', 'H00|809'),
(5, 2, '1132', 'H110', 'H110|1132'),
(6, 2, '1139', 'H110', 'H110|1139'),
(7, 2, '1341', 'H25', 'H25|1341'),
(8, 2, '1341', 'H250', 'H250|1341'),
(9, 2, '1341', 'H251', 'H251|1341'),
(10, 2, '1341', 'H252', 'H252|1341'),
(11, 2, '1341', 'H258', 'H258|1341'),
(12, 2, '1341', 'H259', 'H259|1341'),
(13, 2, '1341', 'H26', 'H26|1341'),
(14, 2, '1341', 'H260', 'H260|1341'),
(15, 2, '1341', 'H261', 'H261|1341'),
(16, 2, '1341', 'H262', 'H262|1341'),
(17, 2, '1341', 'H263', 'H263|1341'),
(18, 2, '1341', 'H264', 'H264|1341'),
(19, 2, '1341', 'H268', 'H268|1341'),
(20, 2, '1341', 'H269', 'H269|1341'),
(21, 2, '1341', 'H27', 'H27|1341'),
(22, 2, '1341', 'H270', 'H270|1341'),
(23, 2, '1341', 'H271', 'H271|1341'),
(24, 2, '1341', 'H278', 'H278|1341'),
(25, 2, '1341', 'H279', 'H279|1341'),
(26, 2, '1341', 'H28', 'H28|1341'),
(27, 2, '1341', 'H280', 'H280|1341'),
(28, 2, '1341', 'H281', 'H281|1341'),
(29, 2, '1341', 'H282', 'H282|1341'),
(30, 2, '1341', 'H288', 'H288|1341'),
(31, 2, '1371', 'H25', 'H25|1371'),
(32, 2, '1371', 'H250', 'H250|1371'),
(33, 2, '1371', 'H251', 'H251|1371'),
(34, 2, '1371', 'H252', 'H252|1371'),
(35, 2, '1371', 'H258', 'H258|1371'),
(36, 2, '1371', 'H259', 'H259|1371'),
(37, 2, '1371', 'H26', 'H26|1371'),
(38, 2, '1371', 'H260', 'H260|1371'),
(39, 2, '1371', 'H261', 'H261|1371'),
(40, 2, '1371', 'H262', 'H262|1371'),
(41, 2, '1371', 'H263', 'H263|1371'),
(42, 2, '1371', 'H264', 'H264|1371'),
(43, 2, '1371', 'H268', 'H268|1371'),
(44, 2, '1371', 'H269', 'H269|1371'),
(45, 2, '1371', 'H27', 'H27|1371'),
(46, 2, '1371', 'H270', 'H270|1371'),
(47, 2, '1371', 'H271', 'H271|1371'),
(48, 2, '1371', 'H278', 'H278|1371'),
(49, 2, '1371', 'H279', 'H279|1371'),
(50, 2, '1371', 'H28', 'H28|1371'),
(51, 2, '1371', 'H280', 'H280|1371'),
(52, 2, '1371', 'H281', 'H281|1371'),
(53, 2, '1371', 'H282', 'H282|1371'),
(54, 2, '1371', 'H288', 'H288|1371'),
(55, 2, '9651', 'H041', 'H041|9651'),
(56, 2, '9821', 'T15', 'T15|9821'),
(57, 2, '9821', 'T150', 'T150|9821'),
(58, 3, '4513', 'A090', 'A090|4513'),
(59, 3, '4513', 'B980', 'B980|4513'),
(60, 3, '4513', 'K219', 'K219|4513'),
(61, 3, '4513', 'K297', 'K297|4513'),
(62, 3, '4513', 'K590', 'K590|4513'),
(63, 3, '4513', 'K635', 'K635|4513'),
(64, 3, '4513', 'R10', 'R10|4513'),
(65, 3, '4513', 'R100', 'R100|4513'),
(66, 3, '4513', 'R101', 'R101|4513'),
(67, 3, '4513', 'R102', 'R102|4513'),
(68, 3, '4513', 'R103', 'R103|4513'),
(69, 3, '4513', 'R104', 'R104|4513'),
(70, 3, '4513', 'R195', 'R195|4513'),
(71, 3, '4516', 'A099', 'A099|4516'),
(72, 3, '4516', 'B980', 'B980|4516'),
(73, 3, '4516', 'K219', 'K219|4516'),
(74, 3, '4516', 'K297', 'K297|4516'),
(75, 3, '4516', 'K590', 'K590|4516'),
(76, 3, '4516', 'K635', 'K635|4516'),
(77, 3, '4516', 'R10', 'R10|4516'),
(78, 3, '4516', 'R100', 'R100|4516'),
(79, 3, '4516', 'R101', 'R101|4516'),
(80, 3, '4516', 'R102', 'R102|4516'),
(81, 3, '4516', 'R103', 'R103|4516'),
(82, 3, '4516', 'R104', 'R104|4516'),
(83, 3, '4516', 'R195', 'R195|4516'),
(84, 3, '4523', 'B980', 'B980|4523'),
(85, 3, '4523', 'K635', 'K635|4523'),
(86, 3, '4523', 'R195', 'R195|4523'),
(87, 3, '4525', 'B980', 'B980|4525'),
(88, 3, '4525', 'K635', 'K635|4525'),
(89, 3, '4525', 'R195', 'R195|4525'),
(90, 3, '5122', 'K800', 'K800|5122'),
(91, 3, '5122', 'K802', 'K802|5122'),
(92, 3, '5123', 'K800', 'K800|5123'),
(93, 3, '5123', 'K802', 'K802|5123'),
(94, 3, '5491', 'R18', 'R18|5491'),
(95, 3, '8876', 'A099', 'A099|8876'),
(96, 3, '8876', 'B15', 'B15|8876'),
(97, 3, '8876', 'B150', 'B150|8876'),
(98, 3, '8876', 'B159', 'B159|8876'),
(99, 3, '8876', 'B16', 'B16|8876'),
(100, 3, '8876', 'B160', 'B160|8876'),
(101, 3, '8876', 'B161', 'B161|8876'),
(102, 3, '8876', 'B162', 'B162|8876'),
(103, 3, '8876', 'B169', 'B169|8876'),
(104, 3, '8876', 'B17', 'B17|8876'),
(105, 3, '8876', 'B170', 'B170|8876'),
(106, 3, '8876', 'B171', 'B171|8876'),
(107, 3, '8876', 'B172', 'B172|8876'),
(108, 3, '8876', 'B178', 'B178|8876'),
(109, 3, '8876', 'B179', 'B179|8876'),
(110, 3, '8876', 'B18', 'B18|8876'),
(111, 3, '8876', 'B180', 'B180|8876'),
(112, 3, '8876', 'B181', 'B181|8876'),
(113, 3, '8876', 'B182', 'B182|8876'),
(114, 3, '8876', 'B188', 'B188|8876'),
(115, 3, '8876', 'B189', 'B189|8876'),
(116, 3, '8876', 'B19', 'B19|8876'),
(117, 3, '8876', 'B190', 'B190|8876'),
(118, 3, '8876', 'B199', 'B199|8876'),
(119, 3, '8876', 'K746', 'K746|8876'),
(120, 3, '8876', 'K75', 'K75|8876'),
(121, 3, '8876', 'K750', 'K750|8876'),
(122, 3, '8876', 'K751', 'K751|8876'),
(123, 3, '8876', 'K752', 'K752|8876'),
(124, 3, '8876', 'K753', 'K753|8876'),
(125, 3, '8876', 'K754', 'K754|8876'),
(126, 3, '8876', 'K758', 'K758|8876'),
(127, 3, '8876', 'K759', 'K759|8876'),
(128, 3, '8876', 'K760', 'K760|8876'),
(129, 3, '8876', 'K768', 'K768|8876'),
(130, 3, '8876', 'K802', 'K802|8876'),
(131, 3, '8876', 'K828', 'K828|8876'),
(132, 3, '9202', 'K746', 'K746|9202'),
(133, 3, '9202', 'K75', 'K75|9202'),
(134, 3, '9202', 'K750', 'K750|9202'),
(135, 3, '9202', 'K751', 'K751|9202'),
(136, 3, '9202', 'K752', 'K752|9202'),
(137, 3, '9202', 'K753', 'K753|9202'),
(138, 3, '9202', 'K754', 'K754|9202'),
(139, 3, '9202', 'K758', 'K758|9202'),
(140, 3, '9202', 'K759', 'K759|9202'),
(141, 3, '9202', 'K760', 'K760|9202'),
(142, 4, '62', 'E04', 'E04|62'),
(143, 4, '62', 'E040', 'E040|62'),
(144, 4, '62', 'E041', 'E041|62'),
(145, 4, '62', 'E042', 'E042|62'),
(146, 4, '62', 'E048', 'E048|62'),
(147, 4, '62', 'E049', 'E049|62'),
(148, 4, '62', 'E07', 'E07|62'),
(149, 4, '62', 'E070', 'E070|62'),
(150, 4, '62', 'E071', 'E071|62'),
(151, 4, '62', 'E078', 'E078|62'),
(152, 4, '62', 'E079', 'E079|62'),
(153, 4, '282', 'J350', 'J350|282'),
(154, 4, '1809', 'H91', 'H91|1809'),
(155, 4, '1809', 'H910', 'H910|1809'),
(156, 4, '1809', 'H911', 'H911|1809'),
(157, 4, '1809', 'H912', 'H912|1809'),
(158, 4, '1809', 'H913', 'H913|1809'),
(159, 4, '1809', 'H918', 'H918|1809'),
(160, 4, '1809', 'H919', 'H919|1809'),
(161, 4, '2009', 'H91', 'H91|2009'),
(162, 4, '2009', 'H910', 'H910|2009'),
(163, 4, '2009', 'H911', 'H911|2009'),
(164, 4, '2009', 'H912', 'H912|2009'),
(165, 4, '2009', 'H913', 'H913|2009'),
(166, 4, '2009', 'H918', 'H918|2009'),
(167, 4, '2009', 'H919', 'H919|2009'),
(168, 4, '2079', 'H91', 'H91|2079'),
(169, 4, '2079', 'H910', 'H910|2079'),
(170, 4, '2079', 'H911', 'H911|2079'),
(171, 4, '2079', 'H912', 'H912|2079'),
(172, 4, '2079', 'H913', 'H913|2079'),
(173, 4, '2079', 'H918', 'H918|2079'),
(174, 4, '2079', 'H919', 'H919|2079'),
(175, 4, '2219', 'J32', 'J32|2219'),
(176, 4, '2219', 'J320', 'J320|2219'),
(177, 4, '2219', 'J321', 'J321|2219'),
(178, 4, '2219', 'J322', 'J322|2219'),
(179, 4, '2219', 'J323', 'J323|2219'),
(180, 4, '2219', 'J324', 'J324|2219'),
(181, 4, '2219', 'J328', 'J328|2219'),
(182, 4, '2219', 'J329', 'J329|2219'),
(183, 4, '2263', 'J32', 'J32|2263'),
(184, 4, '2263', 'J320', 'J320|2263'),
(185, 4, '2263', 'J321', 'J321|2263'),
(186, 4, '2263', 'J322', 'J322|2263'),
(187, 4, '2263', 'J323', 'J323|2263'),
(188, 4, '2263', 'J324', 'J324|2263'),
(189, 4, '2263', 'J328', 'J328|2263'),
(190, 4, '2263', 'J329', 'J329|2263'),
(191, 4, '2749', 'K137', 'K137|2749'),
(192, 4, '8741', 'J12', 'J12|8741'),
(193, 4, '8741', 'J120', 'J120|8741'),
(194, 4, '8741', 'J121', 'J121|8741'),
(195, 4, '8741', 'J122', 'J122|8741'),
(196, 4, '8741', 'J123', 'J123|8741'),
(197, 4, '8741', 'J128', 'J128|8741'),
(198, 4, '8741', 'J129', 'J129|8741'),
(199, 4, '8741', 'J13', 'J13|8741'),
(200, 4, '8741', 'J14', 'J14|8741'),
(201, 4, '8741', 'J15', 'J15|8741'),
(202, 4, '8741', 'J150', 'J150|8741'),
(203, 4, '8741', 'J151', 'J151|8741'),
(204, 4, '8741', 'J152', 'J152|8741'),
(205, 4, '8741', 'J153', 'J153|8741'),
(206, 4, '8741', 'J154', 'J154|8741'),
(207, 4, '8741', 'J155', 'J155|8741'),
(208, 4, '8741', 'J156', 'J156|8741'),
(209, 4, '8741', 'J157', 'J157|8741'),
(210, 4, '8741', 'J158', 'J158|8741'),
(211, 4, '8741', 'J159', 'J159|8741'),
(212, 4, '8741', 'J16', 'J16|8741'),
(213, 4, '8741', 'J160', 'J160|8741'),
(214, 4, '8741', 'J168', 'J168|8741'),
(215, 4, '8741', 'J17', 'J17|8741'),
(216, 4, '8741', 'J170', 'J170|8741'),
(217, 4, '8741', 'J171', 'J171|8741'),
(218, 4, '8741', 'J172', 'J172|8741'),
(219, 4, '8741', 'J173', 'J173|8741'),
(220, 4, '8741', 'J178', 'J178|8741'),
(221, 4, '8741', 'J18', 'J18|8741'),
(222, 4, '8741', 'J180', 'J180|8741'),
(223, 4, '8741', 'J181', 'J181|8741'),
(224, 4, '8741', 'J182', 'J182|8741'),
(225, 4, '8741', 'J188', 'J188|8741'),
(226, 4, '8741', 'J189', 'J189|8741'),
(227, 4, '8744', 'J12', 'J12|8744'),
(228, 4, '8744', 'J120', 'J120|8744'),
(229, 4, '8744', 'J121', 'J121|8744'),
(230, 4, '8744', 'J122', 'J122|8744'),
(231, 4, '8744', 'J123', 'J123|8744'),
(232, 4, '8744', 'J128', 'J128|8744'),
(233, 4, '8744', 'J129', 'J129|8744'),
(234, 4, '8744', 'J13', 'J13|8744'),
(235, 4, '8744', 'J14', 'J14|8744'),
(236, 4, '8744', 'J15', 'J15|8744'),
(237, 4, '8744', 'J150', 'J150|8744'),
(238, 4, '8744', 'J151', 'J151|8744'),
(239, 4, '8744', 'J152', 'J152|8744'),
(240, 4, '8744', 'J153', 'J153|8744'),
(241, 4, '8744', 'J154', 'J154|8744'),
(242, 4, '8744', 'J155', 'J155|8744'),
(243, 4, '8744', 'J156', 'J156|8744'),
(244, 4, '8744', 'J157', 'J157|8744'),
(245, 4, '8744', 'J158', 'J158|8744'),
(246, 4, '8744', 'J159', 'J159|8744'),
(247, 4, '8744', 'J16', 'J16|8744'),
(248, 4, '8744', 'J160', 'J160|8744'),
(249, 4, '8744', 'J168', 'J168|8744'),
(250, 4, '8744', 'J17', 'J17|8744'),
(251, 4, '8744', 'J170', 'J170|8744'),
(252, 4, '8744', 'J171', 'J171|8744'),
(253, 4, '8744', 'J172', 'J172|8744'),
(254, 4, '8744', 'J173', 'J173|8744'),
(255, 4, '8744', 'J178', 'J178|8744'),
(256, 4, '8744', 'J18', 'J18|8744'),
(257, 4, '8744', 'J180', 'J180|8744'),
(258, 4, '8744', 'J181', 'J181|8744'),
(259, 4, '8744', 'J182', 'J182|8744'),
(260, 4, '8744', 'J188', 'J188|8744'),
(261, 4, '8744', 'J189', 'J189|8744'),
(262, 4, '8875', 'A410', 'A410|8875'),
(263, 4, '8875', 'A411', 'A411|8875'),
(264, 4, '8875', 'A412', 'A412|8875'),
(265, 4, '8875', 'A413', 'A413|8875'),
(266, 4, '8875', 'A414', 'A414|8875'),
(267, 4, '8875', 'A415', 'A415|8875'),
(268, 4, '8875', 'A418', 'A418|8875'),
(269, 4, '8875', 'A419', 'A419|8875'),
(270, 4, '8875', 'N300', 'N300|8875'),
(271, 4, '8876', 'A410', 'A410|8876'),
(272, 4, '8876', 'A411', 'A411|8876'),
(273, 4, '8876', 'A412', 'A412|8876'),
(274, 4, '8876', 'A413', 'A413|8876'),
(275, 4, '8876', 'A414', 'A414|8876'),
(276, 4, '8876', 'A415', 'A415|8876'),
(277, 4, '8876', 'A418', 'A418|8876'),
(278, 4, '8876', 'A419', 'A419|8876'),
(279, 4, '8917', 'G473', 'G473|8917'),
(280, 5, '8703', 'G409', 'G409|8703'),
(281, 5, '8703', 'I639', 'I639|8703'),
(282, 5, '8703', 'I69', 'I69|8703'),
(283, 5, '8703', 'I690', 'I690|8703'),
(284, 5, '8703', 'I691', 'I691|8703'),
(285, 5, '8703', 'I692', 'I692|8703'),
(286, 5, '8703', 'I693', 'I693|8703'),
(287, 5, '8703', 'I694', 'I694|8703'),
(288, 5, '8703', 'I698', 'I698|8703'),
(289, 5, '8891', 'G409', 'G409|8891'),
(290, 5, '8891', 'I639', 'I639|8891'),
(291, 5, '8891', 'I69', 'I69|8891'),
(292, 5, '8891', 'I690', 'I690|8891'),
(293, 5, '8891', 'I691', 'I691|8891'),
(294, 5, '8891', 'I692', 'I692|8891'),
(295, 5, '8891', 'I693', 'I693|8891'),
(296, 5, '8891', 'I694', 'I694|8891'),
(297, 5, '8891', 'I698', 'I698|8891'),
(298, 6, '685', 'D25', 'D25|685'),
(299, 6, '685', 'D250', 'D250|685'),
(300, 6, '685', 'D251', 'D251|685'),
(301, 6, '685', 'D252', 'D252|685'),
(302, 6, '685', 'D259', 'D259|685'),
(303, 6, '741', 'O342', 'O342|741'),
(304, 6, '741', 'O820', 'O820|741'),
(305, 6, '5459', 'N80', 'N80|5459'),
(306, 6, '5459', 'N800', 'N800|5459'),
(307, 6, '5459', 'N801', 'N801|5459'),
(308, 6, '5459', 'N802', 'N802|5459'),
(309, 6, '5459', 'N803', 'N803|5459'),
(310, 6, '5459', 'N804', 'N804|5459'),
(311, 6, '5459', 'N805', 'N805|5459'),
(312, 6, '5459', 'N806', 'N806|5459'),
(313, 6, '5459', 'N808', 'N808|5459'),
(314, 6, '5459', 'N809', 'N809|5459'),
(315, 6, '5459', 'N832', 'N832|5459'),
(316, 6, '5459', 'O342', 'O342|5459'),
(317, 6, '5459', 'O820', 'O820|5459'),
(318, 6, '6529', 'N80', 'N80|6529'),
(319, 6, '6529', 'N800', 'N800|6529'),
(320, 6, '6529', 'N801', 'N801|6529'),
(321, 6, '6529', 'N802', 'N802|6529'),
(322, 6, '6529', 'N803', 'N803|6529'),
(323, 6, '6529', 'N804', 'N804|6529'),
(324, 6, '6529', 'N805', 'N805|6529'),
(325, 6, '6529', 'N806', 'N806|6529'),
(326, 6, '6529', 'N808', 'N808|6529'),
(327, 6, '6529', 'N809', 'N809|6529'),
(328, 6, '6529', 'N832', 'N832|6529'),
(329, 6, '6632', 'O342', 'O342|6632'),
(330, 6, '6632', 'O820', 'O820|6632'),
(331, 6, '6829', 'D25', 'D25|6829'),
(332, 6, '6829', 'D250', 'D250|6829'),
(333, 6, '6829', 'D251', 'D251|6829'),
(334, 6, '6829', 'D252', 'D252|6829'),
(335, 6, '6829', 'D259', 'D259|6829'),
(336, 6, '6841', 'D25', 'D25|6841'),
(337, 6, '6841', 'D250', 'D250|6841'),
(338, 6, '6841', 'D251', 'D251|6841'),
(339, 6, '6841', 'D252', 'D252|6841'),
(340, 6, '6841', 'D259', 'D259|6841'),
(341, 6, '6849', 'D25', 'D25|6849'),
(342, 6, '6849', 'D250', 'D250|6849'),
(343, 6, '6849', 'D251', 'D251|6849'),
(344, 6, '6849', 'D252', 'D252|6849'),
(345, 6, '6849', 'D259', 'D259|6849'),
(346, 6, '6859', 'D25', 'D25|6859'),
(347, 6, '6859', 'D250', 'D250|6859'),
(348, 6, '6859', 'D251', 'D251|6859'),
(349, 6, '6859', 'D252', 'D252|6859'),
(350, 6, '6859', 'D259', 'D259|6859'),
(351, 6, '6909', 'N939', 'N939|6909'),
(352, 6, '6949', 'O342', 'O342|6949'),
(353, 6, '6949', 'O820', 'O820|6949'),
(354, 6, '6952', 'O06', 'O06|6952'),
(355, 6, '6952', 'O060', 'O060|6952'),
(356, 6, '6952', 'O061', 'O061|6952'),
(357, 6, '6952', 'O062', 'O062|6952'),
(358, 6, '6952', 'O063', 'O063|6952'),
(359, 6, '6952', 'O064', 'O064|6952'),
(360, 6, '6952', 'O065', 'O065|6952'),
(361, 6, '6952', 'O066', 'O066|6952'),
(362, 6, '6952', 'O067', 'O067|6952'),
(363, 6, '6952', 'O068', 'O068|6952'),
(364, 6, '6952', 'O069', 'O069|6952'),
(365, 6, '6959', 'N85', 'N85|6959'),
(366, 6, '6959', 'N850', 'N850|6959'),
(367, 6, '6959', 'N851', 'N851|6959'),
(368, 6, '6959', 'N852', 'N852|6959'),
(369, 6, '6959', 'N853', 'N853|6959'),
(370, 6, '6959', 'N854', 'N854|6959'),
(371, 6, '6959', 'N855', 'N855|6959'),
(372, 6, '6959', 'N856', 'N856|6959'),
(373, 6, '6959', 'N857', 'N857|6959'),
(374, 6, '6959', 'N858', 'N858|6959'),
(375, 6, '6959', 'N859', 'N859|6959'),
(376, 6, '6959', 'N926', 'N926|6959'),
(377, 6, '7123', 'N751', 'N751|7123'),
(378, 6, '7359', 'O80', 'O80|7359'),
(379, 6, '7359', 'O800', 'O800|7359'),
(380, 6, '7359', 'O801', 'O801|7359'),
(381, 6, '7359', 'O808', 'O808|7359'),
(382, 6, '7359', 'O809', 'O809|7359'),
(383, 6, '7534', 'Z355', 'Z355|7534'),
(384, 6, '7534', 'Z363', 'Z363|7534'),
(385, 6, '7535', 'Z358', 'Z358|7535'),
(386, 6, '7536', 'Z340', 'Z340|7536'),
(387, 6, '8878', 'Z340', 'Z340|8878'),
(388, 6, '8878', 'Z355', 'Z355|8878'),
(389, 6, '8878', 'Z358', 'Z358|8878'),
(390, 6, '8878', 'Z363', 'Z363|8878'),
(391, 6, '8879', 'Z392', 'Z392|8879'),
(392, 6, '8926', 'B373', 'B373|8926'),
(393, 6, '8926', 'Z392', 'Z392|8926'),
(394, 6, '9955', 'Z258', 'Z258|9955'),
(395, 7, '2592', 'Q381', 'Q381|2592'),
(396, 7, '4011', 'R50', 'R50|4011'),
(397, 7, '4011', 'R500', 'R500|4011'),
(398, 7, '4011', 'R501', 'R501|4011'),
(399, 7, '4011', 'R508', 'R508|4011'),
(400, 7, '4011', 'R509', 'R509|4011'),
(401, 7, '4131', 'R50', 'R50|4131'),
(402, 7, '4131', 'R500', 'R500|4131'),
(403, 7, '4131', 'R501', 'R501|4131'),
(404, 7, '4131', 'R508', 'R508|4131'),
(405, 7, '4131', 'R509', 'R509|4131'),
(406, 7, '8703', 'R560', 'R560|8703'),
(407, 7, '8741', 'A499', 'A499|8741'),
(408, 7, '8744', 'J00', 'J00|8744'),
(409, 7, '8744', 'J050', 'J050|8744'),
(410, 7, '8744', 'J12', 'J12|8744'),
(411, 7, '8744', 'J120', 'J120|8744'),
(412, 7, '8744', 'J121', 'J121|8744'),
(413, 7, '8744', 'J122', 'J122|8744'),
(414, 7, '8744', 'J123', 'J123|8744'),
(415, 7, '8744', 'J128', 'J128|8744'),
(416, 7, '8744', 'J129', 'J129|8744'),
(417, 7, '8744', 'J13', 'J13|8744'),
(418, 7, '8744', 'J14', 'J14|8744'),
(419, 7, '8744', 'J15', 'J15|8744'),
(420, 7, '8744', 'J150', 'J150|8744'),
(421, 7, '8744', 'J151', 'J151|8744'),
(422, 7, '8744', 'J152', 'J152|8744'),
(423, 7, '8744', 'J153', 'J153|8744'),
(424, 7, '8744', 'J154', 'J154|8744'),
(425, 7, '8744', 'J155', 'J155|8744'),
(426, 7, '8744', 'J156', 'J156|8744'),
(427, 7, '8744', 'J157', 'J157|8744'),
(428, 7, '8744', 'J158', 'J158|8744'),
(429, 7, '8744', 'J159', 'J159|8744'),
(430, 7, '8744', 'J16', 'J16|8744'),
(431, 7, '8744', 'J160', 'J160|8744'),
(432, 7, '8744', 'J168', 'J168|8744'),
(433, 7, '8744', 'J17', 'J17|8744'),
(434, 7, '8744', 'J170', 'J170|8744'),
(435, 7, '8744', 'J171', 'J171|8744'),
(436, 7, '8744', 'J172', 'J172|8744'),
(437, 7, '8744', 'J173', 'J173|8744'),
(438, 7, '8744', 'J178', 'J178|8744'),
(439, 7, '8744', 'J18', 'J18|8744'),
(440, 7, '8744', 'J180', 'J180|8744'),
(441, 7, '8744', 'J181', 'J181|8744'),
(442, 7, '8744', 'J182', 'J182|8744'),
(443, 7, '8744', 'J188', 'J188|8744'),
(444, 7, '8744', 'J189', 'J189|8744'),
(445, 7, '8744', 'R50', 'R50|8744'),
(446, 7, '8744', 'R500', 'R500|8744'),
(447, 7, '8744', 'R501', 'R501|8744'),
(448, 7, '8744', 'R508', 'R508|8744'),
(449, 7, '8744', 'R509', 'R509|8744'),
(450, 7, '8801', 'R50', 'R50|8801'),
(451, 7, '8801', 'R500', 'R500|8801'),
(452, 7, '8801', 'R501', 'R501|8801'),
(453, 7, '8801', 'R508', 'R508|8801'),
(454, 7, '8801', 'R509', 'R509|8801'),
(455, 7, '8876', 'A499', 'A499|8876'),
(456, 7, '8876', 'R104', 'R104|8876'),
(457, 7, '8891', 'R560', 'R560|8891'),
(458, 7, '8952', 'R50', 'R50|8952'),
(459, 7, '8952', 'R500', 'R500|8952'),
(460, 7, '8952', 'R501', 'R501|8952'),
(461, 7, '8952', 'R508', 'R508|8952'),
(462, 7, '8952', 'R509', 'R509|8952'),
(463, 7, '9939', 'Z273', 'Z273|9939'),
(464, 7, '9952', 'Z251', 'Z251|9952'),
(465, 7, '9953', 'Z241', 'Z241|9953'),
(466, 7, '9955', 'Z238', 'Z238|9955'),
(467, 7, '9955', 'Z246', 'Z246|9955'),
(468, 7, '9955', 'Z258', 'Z258|9955'),
(469, 7, '9955', 'Z274', 'Z274|9955'),
(470, 8, '12', 'I618', 'I618|12'),
(471, 8, '12', 'S000', 'S000|12'),
(472, 8, '12', 'S001', 'S001|12'),
(473, 8, '12', 'S002', 'S002|12'),
(474, 8, '12', 'S003', 'S003|12'),
(475, 8, '12', 'S004', 'S004|12'),
(476, 8, '12', 'S005', 'S005|12'),
(477, 8, '12', 'S0050', 'S0050|12'),
(478, 8, '12', 'S0051', 'S0051|12'),
(479, 8, '12', 'S0052', 'S0052|12'),
(480, 8, '12', 'S0059', 'S0059|12'),
(481, 8, '12', 'S007', 'S007|12'),
(482, 8, '12', 'S008', 'S008|12'),
(483, 8, '12', 'S009', 'S009|12'),
(484, 8, '12', 'S065', 'S065|12'),
(485, 8, '12', 'S0650', 'S0650|12'),
(486, 8, '12', 'S0651', 'S0651|12'),
(487, 8, '12', 'S069', 'S069|12'),
(488, 8, '12', 'S0690', 'S0690|12'),
(489, 8, '12', 'S0691', 'S0691|12'),
(490, 8, '12', 'S098', 'S098|12'),
(491, 8, '22', 'I618', 'I618|22'),
(492, 8, '22', 'S000', 'S000|22'),
(493, 8, '22', 'S001', 'S001|22'),
(494, 8, '22', 'S002', 'S002|22'),
(495, 8, '22', 'S003', 'S003|22'),
(496, 8, '22', 'S004', 'S004|22'),
(497, 8, '22', 'S005', 'S005|22'),
(498, 8, '22', 'S0050', 'S0050|22'),
(499, 8, '22', 'S0051', 'S0051|22'),
(500, 8, '22', 'S0052', 'S0052|22'),
(501, 8, '22', 'S0059', 'S0059|22'),
(502, 8, '22', 'S007', 'S007|22'),
(503, 8, '22', 'S008', 'S008|22'),
(504, 8, '22', 'S009', 'S009|22'),
(505, 8, '22', 'S065', 'S065|22'),
(506, 8, '22', 'S0650', 'S0650|22'),
(507, 8, '22', 'S0651', 'S0651|22'),
(508, 8, '22', 'S069', 'S069|22'),
(509, 8, '22', 'S0690', 'S0690|22'),
(510, 8, '22', 'S0691', 'S0691|22'),
(511, 8, '22', 'S098', 'S098|22'),
(512, 8, '24', 'S098', 'S098|24'),
(513, 8, '31', 'M512', 'M512|31'),
(514, 8, '309', 'M512', 'M512|309'),
(515, 8, '530', 'L72', 'L72|530'),
(516, 8, '530', 'L720', 'L720|530'),
(517, 8, '530', 'L721', 'L721|530'),
(518, 8, '530', 'L722', 'L722|530'),
(519, 8, '530', 'L728', 'L728|530'),
(520, 8, '530', 'L729', 'L729|530'),
(521, 8, '531', 'L72', 'L72|531'),
(522, 8, '531', 'L720', 'L720|531'),
(523, 8, '531', 'L721', 'L721|531'),
(524, 8, '531', 'L722', 'L722|531'),
(525, 8, '531', 'L728', 'L728|531'),
(526, 8, '531', 'L729', 'L729|531'),
(527, 8, '532', 'L72', 'L72|532'),
(528, 8, '532', 'L720', 'L720|532'),
(529, 8, '532', 'L721', 'L721|532'),
(530, 8, '532', 'L722', 'L722|532'),
(531, 8, '532', 'L728', 'L728|532'),
(532, 8, '532', 'L729', 'L729|532'),
(533, 8, '533', 'L72', 'L72|533'),
(534, 8, '533', 'L720', 'L720|533'),
(535, 8, '533', 'L721', 'L721|533'),
(536, 8, '533', 'L722', 'L722|533'),
(537, 8, '533', 'L728', 'L728|533'),
(538, 8, '533', 'L729', 'L729|533'),
(539, 8, '534', 'L72', 'L72|534'),
(540, 8, '534', 'L720', 'L720|534'),
(541, 8, '534', 'L721', 'L721|534'),
(542, 8, '534', 'L722', 'L722|534'),
(543, 8, '534', 'L728', 'L728|534'),
(544, 8, '534', 'L729', 'L729|534'),
(545, 8, '535', 'L72', 'L72|535'),
(546, 8, '535', 'L720', 'L720|535'),
(547, 8, '535', 'L721', 'L721|535'),
(548, 8, '535', 'L722', 'L722|535'),
(549, 8, '535', 'L728', 'L728|535'),
(550, 8, '535', 'L729', 'L729|535'),
(551, 8, '536', 'L72', 'L72|536'),
(552, 8, '536', 'L720', 'L720|536'),
(553, 8, '536', 'L721', 'L721|536'),
(554, 8, '536', 'L722', 'L722|536'),
(555, 8, '536', 'L728', 'L728|536'),
(556, 8, '536', 'L729', 'L729|536'),
(557, 8, '537', 'L72', 'L72|537'),
(558, 8, '537', 'L720', 'L720|537'),
(559, 8, '537', 'L721', 'L721|537'),
(560, 8, '537', 'L722', 'L722|537'),
(561, 8, '537', 'L728', 'L728|537'),
(562, 8, '537', 'L729', 'L729|537'),
(563, 8, '538', 'L72', 'L72|538'),
(564, 8, '538', 'L720', 'L720|538'),
(565, 8, '538', 'L721', 'L721|538'),
(566, 8, '538', 'L722', 'L722|538'),
(567, 8, '538', 'L728', 'L728|538'),
(568, 8, '538', 'L729', 'L729|538'),
(569, 8, '560', 'N200', 'N200|560'),
(570, 8, '563', 'N40', 'N40|563'),
(571, 8, '570', 'N211', 'N211|570'),
(572, 8, '573', 'N218', 'N218|573'),
(573, 8, '790', 'S423', 'S423|790'),
(574, 8, '790', 'S4230', 'S4230|790'),
(575, 8, '790', 'S4231', 'S4231|790'),
(576, 8, '790', 'S525', 'S525|790'),
(577, 8, '790', 'S5250', 'S5250|790'),
(578, 8, '790', 'S5251', 'S5251|790'),
(579, 8, '791', 'S423', 'S423|791'),
(580, 8, '791', 'S4230', 'S4230|791'),
(581, 8, '791', 'S4231', 'S4231|791'),
(582, 8, '791', 'S525', 'S525|791'),
(583, 8, '791', 'S5250', 'S5250|791'),
(584, 8, '791', 'S5251', 'S5251|791'),
(585, 8, '797', 'S423', 'S423|797'),
(586, 8, '797', 'S4230', 'S4230|797'),
(587, 8, '797', 'S4231', 'S4231|797'),
(588, 8, '797', 'S525', 'S525|797'),
(589, 8, '797', 'S5250', 'S5250|797'),
(590, 8, '797', 'S5251', 'S5251|797'),
(591, 8, '798', 'S423', 'S423|798'),
(592, 8, '798', 'S4230', 'S4230|798'),
(593, 8, '798', 'S4231', 'S4231|798'),
(594, 8, '798', 'S525', 'S525|798'),
(595, 8, '798', 'S5250', 'S5250|798'),
(596, 8, '798', 'S5251', 'S5251|798'),
(597, 8, '814', 'M230', 'M230|814'),
(598, 8, '814', 'M2300', 'M2300|814'),
(599, 8, '814', 'M2301', 'M2301|814'),
(600, 8, '814', 'M2302', 'M2302|814'),
(601, 8, '814', 'M2303', 'M2303|814'),
(602, 8, '814', 'M2304', 'M2304|814'),
(603, 8, '814', 'M2305', 'M2305|814'),
(604, 8, '814', 'M2306', 'M2306|814'),
(605, 8, '814', 'M2309', 'M2309|814'),
(606, 8, '814', 'M231', 'M231|814'),
(607, 8, '814', 'M2310', 'M2310|814'),
(608, 8, '814', 'M2311', 'M2311|814'),
(609, 8, '814', 'M2312', 'M2312|814'),
(610, 8, '814', 'M2313', 'M2313|814'),
(611, 8, '814', 'M2314', 'M2314|814'),
(612, 8, '814', 'M2315', 'M2315|814'),
(613, 8, '814', 'M2316', 'M2316|814'),
(614, 8, '814', 'M2319', 'M2319|814'),
(615, 8, '814', 'M232', 'M232|814'),
(616, 8, '814', 'M2320', 'M2320|814'),
(617, 8, '814', 'M2321', 'M2321|814'),
(618, 8, '814', 'M2322', 'M2322|814'),
(619, 8, '814', 'M2323', 'M2323|814'),
(620, 8, '814', 'M2324', 'M2324|814'),
(621, 8, '814', 'M2325', 'M2325|814'),
(622, 8, '814', 'M2326', 'M2326|814'),
(623, 8, '814', 'M2329', 'M2329|814'),
(624, 8, '814', 'M233', 'M233|814'),
(625, 8, '814', 'M2330', 'M2330|814'),
(626, 8, '814', 'M2331', 'M2331|814'),
(627, 8, '814', 'M2332', 'M2332|814'),
(628, 8, '814', 'M2333', 'M2333|814'),
(629, 8, '814', 'M2334', 'M2334|814'),
(630, 8, '814', 'M2335', 'M2335|814'),
(631, 8, '814', 'M2336', 'M2336|814'),
(632, 8, '814', 'M2339', 'M2339|814'),
(633, 8, '814', 'M234', 'M234|814'),
(634, 8, '814', 'M2340', 'M2340|814'),
(635, 8, '814', 'M2349', 'M2349|814'),
(636, 8, '814', 'M235', 'M235|814'),
(637, 8, '814', 'M2350', 'M2350|814'),
(638, 8, '814', 'M2351', 'M2351|814'),
(639, 8, '814', 'M2352', 'M2352|814'),
(640, 8, '814', 'M2353', 'M2353|814'),
(641, 8, '814', 'M2354', 'M2354|814'),
(642, 8, '814', 'M2355', 'M2355|814'),
(643, 8, '814', 'M2356', 'M2356|814'),
(644, 8, '814', 'M2357', 'M2357|814'),
(645, 8, '814', 'M2359', 'M2359|814'),
(646, 8, '814', 'M236', 'M236|814'),
(647, 8, '814', 'M2360', 'M2360|814'),
(648, 8, '814', 'M2361', 'M2361|814'),
(649, 8, '814', 'M2362', 'M2362|814'),
(650, 8, '814', 'M2363', 'M2363|814'),
(651, 8, '814', 'M2364', 'M2364|814'),
(652, 8, '814', 'M2367', 'M2367|814'),
(653, 8, '814', 'M2369', 'M2369|814'),
(654, 8, '814', 'M238', 'M238|814'),
(655, 8, '814', 'M2380', 'M2380|814'),
(656, 8, '814', 'M2381', 'M2381|814'),
(657, 8, '814', 'M2382', 'M2382|814'),
(658, 8, '814', 'M2383', 'M2383|814'),
(659, 8, '814', 'M2384', 'M2384|814'),
(660, 8, '814', 'M2385', 'M2385|814'),
(661, 8, '814', 'M2386', 'M2386|814'),
(662, 8, '814', 'M2387', 'M2387|814'),
(663, 8, '814', 'M2389', 'M2389|814'),
(664, 8, '814', 'M239', 'M239|814'),
(665, 8, '814', 'M2390', 'M2390|814'),
(666, 8, '814', 'M2391', 'M2391|814'),
(667, 8, '814', 'M2392', 'M2392|814'),
(668, 8, '814', 'M2393', 'M2393|814'),
(669, 8, '814', 'M2394', 'M2394|814'),
(670, 8, '814', 'M2395', 'M2395|814'),
(671, 8, '814', 'M2396', 'M2396|814'),
(672, 8, '814', 'M2397', 'M2397|814'),
(673, 8, '814', 'M2399', 'M2399|814'),
(674, 8, '863', 'R220', 'R220|863'),
(675, 8, '863', 'R221', 'R221|863'),
(676, 8, '863', 'R222', 'R222|863'),
(677, 8, '863', 'R223', 'R223|863'),
(678, 8, '863', 'R224', 'R224|863'),
(679, 8, '863', 'R227', 'R227|863'),
(680, 8, '863', 'R229', 'R229|863'),
(681, 8, '2171', 'S0220', 'S0220|2171'),
(682, 8, '4709', 'K358', 'K358|4709'),
(683, 8, '4912', 'K603', 'K603|4912'),
(684, 8, '4939', 'K640', 'K640|4939'),
(685, 8, '4939', 'K641', 'K641|4939'),
(686, 8, '4939', 'K642', 'K642|4939'),
(687, 8, '4939', 'K643', 'K643|4939'),
(688, 8, '4939', 'K644', 'K644|4939'),
(689, 8, '4939', 'K645', 'K645|4939'),
(690, 8, '4939', 'K648', 'K648|4939'),
(691, 8, '4939', 'K649', 'K649|4939'),
(692, 8, '4945', 'K640', 'K640|4945'),
(693, 8, '4945', 'K641', 'K641|4945'),
(694, 8, '4945', 'K642', 'K642|4945'),
(695, 8, '4945', 'K643', 'K643|4945'),
(696, 8, '4945', 'K644', 'K644|4945'),
(697, 8, '4945', 'K645', 'K645|4945'),
(698, 8, '4945', 'K648', 'K648|4945'),
(699, 8, '4945', 'K649', 'K649|4945'),
(700, 8, '4946', 'K640', 'K640|4946'),
(701, 8, '4946', 'K641', 'K641|4946'),
(702, 8, '4946', 'K642', 'K642|4946'),
(703, 8, '4946', 'K643', 'K643|4946'),
(704, 8, '4946', 'K644', 'K644|4946'),
(705, 8, '4946', 'K645', 'K645|4946'),
(706, 8, '4946', 'K648', 'K648|4946'),
(707, 8, '4946', 'K649', 'K649|4946'),
(708, 8, '5300', 'L72', 'L72|5300'),
(709, 8, '5300', 'L720', 'L720|5300'),
(710, 8, '5300', 'L721', 'L721|5300'),
(711, 8, '5300', 'L722', 'L722|5300'),
(712, 8, '5300', 'L728', 'L728|5300'),
(713, 8, '5300', 'L729', 'L729|5300'),
(714, 8, '5301', 'L72', 'L72|5301'),
(715, 8, '5301', 'L720', 'L720|5301'),
(716, 8, '5301', 'L721', 'L721|5301'),
(717, 8, '5301', 'L722', 'L722|5301'),
(718, 8, '5301', 'L728', 'L728|5301'),
(719, 8, '5301', 'L729', 'L729|5301'),
(720, 8, '5302', 'L72', 'L72|5302'),
(721, 8, '5302', 'L720', 'L720|5302'),
(722, 8, '5302', 'L721', 'L721|5302'),
(723, 8, '5302', 'L722', 'L722|5302'),
(724, 8, '5302', 'L728', 'L728|5302'),
(725, 8, '5302', 'L729', 'L729|5302'),
(726, 8, '5303', 'L72', 'L72|5303'),
(727, 8, '5303', 'L720', 'L720|5303'),
(728, 8, '5303', 'L721', 'L721|5303'),
(729, 8, '5303', 'L722', 'L722|5303'),
(730, 8, '5303', 'L728', 'L728|5303'),
(731, 8, '5303', 'L729', 'L729|5303'),
(732, 8, '5304', 'K40', 'K40|5304'),
(733, 8, '5304', 'K400', 'K400|5304'),
(734, 8, '5304', 'K401', 'K401|5304'),
(735, 8, '5304', 'K402', 'K402|5304'),
(736, 8, '5304', 'K403', 'K403|5304'),
(737, 8, '5304', 'K404', 'K404|5304'),
(738, 8, '5304', 'K409', 'K409|5304'),
(739, 8, '5304', 'L72', 'L72|5304'),
(740, 8, '5304', 'L720', 'L720|5304'),
(741, 8, '5304', 'L721', 'L721|5304'),
(742, 8, '5304', 'L722', 'L722|5304'),
(743, 8, '5304', 'L728', 'L728|5304'),
(744, 8, '5304', 'L729', 'L729|5304'),
(745, 8, '5305', 'K40', 'K40|5305'),
(746, 8, '5305', 'K400', 'K400|5305'),
(747, 8, '5305', 'K401', 'K401|5305'),
(748, 8, '5305', 'K402', 'K402|5305'),
(749, 8, '5305', 'K403', 'K403|5305'),
(750, 8, '5305', 'K404', 'K404|5305'),
(751, 8, '5305', 'K409', 'K409|5305'),
(752, 8, '5305', 'L72', 'L72|5305'),
(753, 8, '5305', 'L720', 'L720|5305'),
(754, 8, '5305', 'L721', 'L721|5305'),
(755, 8, '5305', 'L722', 'L722|5305'),
(756, 8, '5305', 'L728', 'L728|5305'),
(757, 8, '5305', 'L729', 'L729|5305'),
(758, 8, '5310', 'L72', 'L72|5310'),
(759, 8, '5310', 'L720', 'L720|5310'),
(760, 8, '5310', 'L721', 'L721|5310'),
(761, 8, '5310', 'L722', 'L722|5310'),
(762, 8, '5310', 'L728', 'L728|5310'),
(763, 8, '5310', 'L729', 'L729|5310'),
(764, 8, '5311', 'L72', 'L72|5311'),
(765, 8, '5311', 'L720', 'L720|5311'),
(766, 8, '5311', 'L721', 'L721|5311'),
(767, 8, '5311', 'L722', 'L722|5311'),
(768, 8, '5311', 'L728', 'L728|5311'),
(769, 8, '5311', 'L729', 'L729|5311'),
(770, 8, '5312', 'L72', 'L72|5312'),
(771, 8, '5312', 'L720', 'L720|5312'),
(772, 8, '5312', 'L721', 'L721|5312'),
(773, 8, '5312', 'L722', 'L722|5312'),
(774, 8, '5312', 'L728', 'L728|5312'),
(775, 8, '5312', 'L729', 'L729|5312'),
(776, 8, '5313', 'L72', 'L72|5313'),
(777, 8, '5313', 'L720', 'L720|5313'),
(778, 8, '5313', 'L721', 'L721|5313'),
(779, 8, '5313', 'L722', 'L722|5313'),
(780, 8, '5313', 'L728', 'L728|5313'),
(781, 8, '5313', 'L729', 'L729|5313'),
(782, 8, '5314', 'L72', 'L72|5314'),
(783, 8, '5314', 'L720', 'L720|5314'),
(784, 8, '5314', 'L721', 'L721|5314'),
(785, 8, '5314', 'L722', 'L722|5314'),
(786, 8, '5314', 'L728', 'L728|5314'),
(787, 8, '5314', 'L729', 'L729|5314'),
(788, 8, '5315', 'L72', 'L72|5315'),
(789, 8, '5315', 'L720', 'L720|5315'),
(790, 8, '5315', 'L721', 'L721|5315'),
(791, 8, '5315', 'L722', 'L722|5315'),
(792, 8, '5315', 'L728', 'L728|5315'),
(793, 8, '5315', 'L729', 'L729|5315'),
(794, 8, '5316', 'L72', 'L72|5316'),
(795, 8, '5316', 'L720', 'L720|5316'),
(796, 8, '5316', 'L721', 'L721|5316'),
(797, 8, '5316', 'L722', 'L722|5316'),
(798, 8, '5316', 'L728', 'L728|5316'),
(799, 8, '5316', 'L729', 'L729|5316'),
(800, 8, '5317', 'L72', 'L72|5317'),
(801, 8, '5317', 'L720', 'L720|5317'),
(802, 8, '5317', 'L721', 'L721|5317'),
(803, 8, '5317', 'L722', 'L722|5317'),
(804, 8, '5317', 'L728', 'L728|5317'),
(805, 8, '5317', 'L729', 'L729|5317'),
(806, 8, '5321', 'L72', 'L72|5321'),
(807, 8, '5321', 'L720', 'L720|5321'),
(808, 8, '5321', 'L721', 'L721|5321'),
(809, 8, '5321', 'L722', 'L722|5321'),
(810, 8, '5321', 'L728', 'L728|5321'),
(811, 8, '5321', 'L729', 'L729|5321'),
(812, 8, '5329', 'L72', 'L72|5329'),
(813, 8, '5329', 'L720', 'L720|5329'),
(814, 8, '5329', 'L721', 'L721|5329'),
(815, 8, '5329', 'L722', 'L722|5329'),
(816, 8, '5329', 'L728', 'L728|5329'),
(817, 8, '5329', 'L729', 'L729|5329'),
(818, 8, '5331', 'L72', 'L72|5331'),
(819, 8, '5331', 'L720', 'L720|5331'),
(820, 8, '5331', 'L721', 'L721|5331'),
(821, 8, '5331', 'L722', 'L722|5331'),
(822, 8, '5331', 'L728', 'L728|5331'),
(823, 8, '5331', 'L729', 'L729|5331'),
(824, 8, '5339', 'L72', 'L72|5339'),
(825, 8, '5339', 'L720', 'L720|5339'),
(826, 8, '5339', 'L721', 'L721|5339'),
(827, 8, '5339', 'L722', 'L722|5339'),
(828, 8, '5339', 'L728', 'L728|5339'),
(829, 8, '5339', 'L729', 'L729|5339'),
(830, 8, '5341', 'L72', 'L72|5341'),
(831, 8, '5341', 'L720', 'L720|5341'),
(832, 8, '5341', 'L721', 'L721|5341'),
(833, 8, '5341', 'L722', 'L722|5341'),
(834, 8, '5341', 'L728', 'L728|5341'),
(835, 8, '5341', 'L729', 'L729|5341'),
(836, 8, '5349', 'L72', 'L72|5349'),
(837, 8, '5349', 'L720', 'L720|5349'),
(838, 8, '5349', 'L721', 'L721|5349'),
(839, 8, '5349', 'L722', 'L722|5349'),
(840, 8, '5349', 'L728', 'L728|5349'),
(841, 8, '5349', 'L729', 'L729|5349'),
(842, 8, '5351', 'L72', 'L72|5351'),
(843, 8, '5351', 'L720', 'L720|5351'),
(844, 8, '5351', 'L721', 'L721|5351'),
(845, 8, '5351', 'L722', 'L722|5351'),
(846, 8, '5351', 'L728', 'L728|5351'),
(847, 8, '5351', 'L729', 'L729|5351'),
(848, 8, '5359', 'L72', 'L72|5359'),
(849, 8, '5359', 'L720', 'L720|5359'),
(850, 8, '5359', 'L721', 'L721|5359'),
(851, 8, '5359', 'L722', 'L722|5359'),
(852, 8, '5359', 'L728', 'L728|5359'),
(853, 8, '5359', 'L729', 'L729|5359'),
(854, 8, '5361', 'L72', 'L72|5361'),
(855, 8, '5361', 'L720', 'L720|5361'),
(856, 8, '5361', 'L721', 'L721|5361'),
(857, 8, '5361', 'L722', 'L722|5361'),
(858, 8, '5361', 'L728', 'L728|5361'),
(859, 8, '5361', 'L729', 'L729|5361'),
(860, 8, '5369', 'L72', 'L72|5369'),
(861, 8, '5369', 'L720', 'L720|5369'),
(862, 8, '5369', 'L721', 'L721|5369'),
(863, 8, '5369', 'L722', 'L722|5369'),
(864, 8, '5369', 'L728', 'L728|5369'),
(865, 8, '5369', 'L729', 'L729|5369'),
(866, 8, '5380', 'L72', 'L72|5380'),
(867, 8, '5380', 'L720', 'L720|5380'),
(868, 8, '5380', 'L721', 'L721|5380'),
(869, 8, '5380', 'L722', 'L722|5380'),
(870, 8, '5380', 'L728', 'L728|5380'),
(871, 8, '5380', 'L729', 'L729|5380'),
(872, 8, '5381', 'L72', 'L72|5381'),
(873, 8, '5381', 'L720', 'L720|5381'),
(874, 8, '5381', 'L721', 'L721|5381'),
(875, 8, '5381', 'L722', 'L722|5381'),
(876, 8, '5381', 'L728', 'L728|5381'),
(877, 8, '5381', 'L729', 'L729|5381'),
(878, 8, '5382', 'L72', 'L72|5382'),
(879, 8, '5382', 'L720', 'L720|5382'),
(880, 8, '5382', 'L721', 'L721|5382'),
(881, 8, '5382', 'L722', 'L722|5382'),
(882, 8, '5382', 'L728', 'L728|5382'),
(883, 8, '5382', 'L729', 'L729|5382'),
(884, 8, '5631', 'N40', 'N40|5631'),
(885, 8, '5632', 'N40', 'N40|5632'),
(886, 8, '5633', 'N40', 'N40|5633'),
(887, 8, '5634', 'N40', 'N40|5634'),
(888, 8, '5635', 'N40', 'N40|5635'),
(889, 8, '5639', 'N40', 'N40|5639'),
(890, 8, '5719', 'N210', 'N210|5719'),
(891, 8, '5731', 'N218', 'N218|5731'),
(892, 8, '5732', 'N218', 'N218|5732'),
(893, 8, '5733', 'N218', 'N218|5733'),
(894, 8, '5734', 'N218', 'N218|5734'),
(895, 8, '5739', 'N218', 'N218|5739'),
(896, 8, '6373', 'Z302', 'Z302|6373'),
(897, 8, '7900', 'S423', 'S423|7900'),
(898, 8, '7900', 'S4230', 'S4230|7900'),
(899, 8, '7900', 'S4231', 'S4231|7900'),
(900, 8, '7900', 'S525', 'S525|7900'),
(901, 8, '7900', 'S5250', 'S5250|7900'),
(902, 8, '7900', 'S5251', 'S5251|7900'),
(903, 8, '7901', 'S423', 'S423|7901'),
(904, 8, '7901', 'S4230', 'S4230|7901'),
(905, 8, '7901', 'S4231', 'S4231|7901'),
(906, 8, '7901', 'S525', 'S525|7901'),
(907, 8, '7901', 'S5250', 'S5250|7901'),
(908, 8, '7901', 'S5251', 'S5251|7901'),
(909, 8, '7902', 'S423', 'S423|7902'),
(910, 8, '7902', 'S4230', 'S4230|7902'),
(911, 8, '7902', 'S4231', 'S4231|7902'),
(912, 8, '7902', 'S525', 'S525|7902'),
(913, 8, '7902', 'S5250', 'S5250|7902'),
(914, 8, '7902', 'S5251', 'S5251|7902'),
(915, 8, '7903', 'S423', 'S423|7903'),
(916, 8, '7903', 'S4230', 'S4230|7903'),
(917, 8, '7903', 'S4231', 'S4231|7903'),
(918, 8, '7903', 'S525', 'S525|7903'),
(919, 8, '7903', 'S5250', 'S5250|7903'),
(920, 8, '7903', 'S5251', 'S5251|7903'),
(921, 8, '7904', 'S423', 'S423|7904'),
(922, 8, '7904', 'S4230', 'S4230|7904'),
(923, 8, '7904', 'S4231', 'S4231|7904'),
(924, 8, '7904', 'S525', 'S525|7904'),
(925, 8, '7904', 'S5250', 'S5250|7904'),
(926, 8, '7904', 'S5251', 'S5251|7904'),
(927, 8, '7905', 'S423', 'S423|7905'),
(928, 8, '7905', 'S4230', 'S4230|7905'),
(929, 8, '7905', 'S4231', 'S4231|7905'),
(930, 8, '7905', 'S525', 'S525|7905'),
(931, 8, '7905', 'S5250', 'S5250|7905'),
(932, 8, '7905', 'S5251', 'S5251|7905'),
(933, 8, '7906', 'S423', 'S423|7906'),
(934, 8, '7906', 'S4230', 'S4230|7906'),
(935, 8, '7906', 'S4231', 'S4231|7906'),
(936, 8, '7906', 'S525', 'S525|7906'),
(937, 8, '7906', 'S5250', 'S5250|7906'),
(938, 8, '7906', 'S5251', 'S5251|7906'),
(939, 8, '7906', 'S800', 'S800|7906'),
(940, 8, '7906', 'S801', 'S801|7906'),
(941, 8, '7906', 'S807', 'S807|7906'),
(942, 8, '7906', 'S808', 'S808|7906'),
(943, 8, '7906', 'S8083', 'S8083|7906'),
(944, 8, '7906', 'S809', 'S809|7906'),
(945, 8, '7907', 'S423', 'S423|7907'),
(946, 8, '7907', 'S4230', 'S4230|7907'),
(947, 8, '7907', 'S4231', 'S4231|7907'),
(948, 8, '7907', 'S525', 'S525|7907'),
(949, 8, '7907', 'S5250', 'S5250|7907'),
(950, 8, '7907', 'S5251', 'S5251|7907'),
(951, 8, '7908', 'S423', 'S423|7908'),
(952, 8, '7908', 'S4230', 'S4230|7908'),
(953, 8, '7908', 'S4231', 'S4231|7908'),
(954, 8, '7908', 'S525', 'S525|7908'),
(955, 8, '7908', 'S5250', 'S5250|7908'),
(956, 8, '7908', 'S5251', 'S5251|7908'),
(957, 8, '7909', 'S423', 'S423|7909'),
(958, 8, '7909', 'S4230', 'S4230|7909'),
(959, 8, '7909', 'S4231', 'S4231|7909'),
(960, 8, '7909', 'S525', 'S525|7909'),
(961, 8, '7909', 'S5250', 'S5250|7909'),
(962, 8, '7909', 'S5251', 'S5251|7909'),
(963, 8, '7910', 'S423', 'S423|7910'),
(964, 8, '7910', 'S4230', 'S4230|7910'),
(965, 8, '7910', 'S4231', 'S4231|7910'),
(966, 8, '7910', 'S525', 'S525|7910'),
(967, 8, '7910', 'S5250', 'S5250|7910'),
(968, 8, '7910', 'S5251', 'S5251|7910'),
(969, 8, '7911', 'S423', 'S423|7911'),
(970, 8, '7911', 'S4230', 'S4230|7911'),
(971, 8, '7911', 'S4231', 'S4231|7911'),
(972, 8, '7911', 'S525', 'S525|7911'),
(973, 8, '7911', 'S5250', 'S5250|7911'),
(974, 8, '7911', 'S5251', 'S5251|7911'),
(975, 8, '7912', 'S423', 'S423|7912'),
(976, 8, '7912', 'S4230', 'S4230|7912'),
(977, 8, '7912', 'S4231', 'S4231|7912'),
(978, 8, '7912', 'S525', 'S525|7912'),
(979, 8, '7912', 'S5250', 'S5250|7912'),
(980, 8, '7912', 'S5251', 'S5251|7912'),
(981, 8, '7913', 'S423', 'S423|7913'),
(982, 8, '7913', 'S4230', 'S4230|7913'),
(983, 8, '7913', 'S4231', 'S4231|7913'),
(984, 8, '7913', 'S525', 'S525|7913'),
(985, 8, '7913', 'S5250', 'S5250|7913'),
(986, 8, '7913', 'S5251', 'S5251|7913'),
(987, 8, '7913', 'S6230', 'S6230|7913'),
(988, 8, '7914', 'S423', 'S423|7914'),
(989, 8, '7914', 'S4230', 'S4230|7914'),
(990, 8, '7914', 'S4231', 'S4231|7914'),
(991, 8, '7914', 'S525', 'S525|7914'),
(992, 8, '7914', 'S5250', 'S5250|7914'),
(993, 8, '7914', 'S5251', 'S5251|7914'),
(994, 8, '7915', 'S423', 'S423|7915'),
(995, 8, '7915', 'S4230', 'S4230|7915'),
(996, 8, '7915', 'S4231', 'S4231|7915'),
(997, 8, '7915', 'S525', 'S525|7915'),
(998, 8, '7915', 'S5250', 'S5250|7915'),
(999, 8, '7915', 'S5251', 'S5251|7915'),
(1000, 8, '7916', 'S423', 'S423|7916'),
(1001, 8, '7916', 'S4230', 'S4230|7916'),
(1002, 8, '7916', 'S4231', 'S4231|7916'),
(1003, 8, '7916', 'S525', 'S525|7916'),
(1004, 8, '7916', 'S5250', 'S5250|7916'),
(1005, 8, '7916', 'S5251', 'S5251|7916'),
(1006, 8, '7917', 'S423', 'S423|7917'),
(1007, 8, '7917', 'S4230', 'S4230|7917'),
(1008, 8, '7917', 'S4231', 'S4231|7917'),
(1009, 8, '7917', 'S525', 'S525|7917'),
(1010, 8, '7917', 'S5250', 'S5250|7917'),
(1011, 8, '7917', 'S5251', 'S5251|7917'),
(1012, 8, '7918', 'S423', 'S423|7918'),
(1013, 8, '7918', 'S4230', 'S4230|7918'),
(1014, 8, '7918', 'S4231', 'S4231|7918'),
(1015, 8, '7918', 'S525', 'S525|7918'),
(1016, 8, '7918', 'S5250', 'S5250|7918'),
(1017, 8, '7918', 'S5251', 'S5251|7918'),
(1018, 8, '7919', 'S423', 'S423|7919'),
(1019, 8, '7919', 'S4230', 'S4230|7919'),
(1020, 8, '7919', 'S4231', 'S4231|7919'),
(1021, 8, '7919', 'S525', 'S525|7919'),
(1022, 8, '7919', 'S5250', 'S5250|7919'),
(1023, 8, '7919', 'S5251', 'S5251|7919'),
(1024, 8, '7920', 'S423', 'S423|7920'),
(1025, 8, '7920', 'S4230', 'S4230|7920'),
(1026, 8, '7920', 'S4231', 'S4231|7920'),
(1027, 8, '7920', 'S525', 'S525|7920'),
(1028, 8, '7920', 'S5250', 'S5250|7920'),
(1029, 8, '7920', 'S5251', 'S5251|7920'),
(1030, 8, '7921', 'S423', 'S423|7921'),
(1031, 8, '7921', 'S4230', 'S4230|7921'),
(1032, 8, '7921', 'S4231', 'S4231|7921'),
(1033, 8, '7921', 'S525', 'S525|7921'),
(1034, 8, '7921', 'S5250', 'S5250|7921'),
(1035, 8, '7921', 'S5251', 'S5251|7921'),
(1036, 8, '7922', 'S423', 'S423|7922'),
(1037, 8, '7922', 'S4230', 'S4230|7922'),
(1038, 8, '7922', 'S4231', 'S4231|7922'),
(1039, 8, '7922', 'S525', 'S525|7922'),
(1040, 8, '7922', 'S5250', 'S5250|7922'),
(1041, 8, '7922', 'S5251', 'S5251|7922'),
(1042, 8, '7923', 'S423', 'S423|7923'),
(1043, 8, '7923', 'S4230', 'S4230|7923'),
(1044, 8, '7923', 'S4231', 'S4231|7923'),
(1045, 8, '7923', 'S525', 'S525|7923'),
(1046, 8, '7923', 'S5250', 'S5250|7923'),
(1047, 8, '7923', 'S5251', 'S5251|7923'),
(1048, 8, '7924', 'S423', 'S423|7924'),
(1049, 8, '7924', 'S4230', 'S4230|7924'),
(1050, 8, '7924', 'S4231', 'S4231|7924'),
(1051, 8, '7924', 'S525', 'S525|7924'),
(1052, 8, '7924', 'S5250', 'S5250|7924'),
(1053, 8, '7924', 'S5251', 'S5251|7924'),
(1054, 8, '7925', 'S423', 'S423|7925'),
(1055, 8, '7925', 'S4230', 'S4230|7925'),
(1056, 8, '7925', 'S4231', 'S4231|7925'),
(1057, 8, '7925', 'S525', 'S525|7925'),
(1058, 8, '7925', 'S5250', 'S5250|7925'),
(1059, 8, '7925', 'S5251', 'S5251|7925'),
(1060, 8, '7926', 'S423', 'S423|7926'),
(1061, 8, '7926', 'S4230', 'S4230|7926'),
(1062, 8, '7926', 'S4231', 'S4231|7926'),
(1063, 8, '7926', 'S525', 'S525|7926'),
(1064, 8, '7926', 'S5250', 'S5250|7926'),
(1065, 8, '7926', 'S5251', 'S5251|7926'),
(1066, 8, '7927', 'S423', 'S423|7927'),
(1067, 8, '7927', 'S4230', 'S4230|7927'),
(1068, 8, '7927', 'S4231', 'S4231|7927'),
(1069, 8, '7927', 'S525', 'S525|7927'),
(1070, 8, '7927', 'S5250', 'S5250|7927'),
(1071, 8, '7927', 'S5251', 'S5251|7927'),
(1072, 8, '7928', 'S423', 'S423|7928'),
(1073, 8, '7928', 'S4230', 'S4230|7928'),
(1074, 8, '7928', 'S4231', 'S4231|7928'),
(1075, 8, '7928', 'S525', 'S525|7928'),
(1076, 8, '7928', 'S5250', 'S5250|7928'),
(1077, 8, '7928', 'S5251', 'S5251|7928'),
(1078, 8, '7929', 'S423', 'S423|7929'),
(1079, 8, '7929', 'S4230', 'S4230|7929'),
(1080, 8, '7929', 'S4231', 'S4231|7929'),
(1081, 8, '7929', 'S525', 'S525|7929'),
(1082, 8, '7929', 'S5250', 'S5250|7929'),
(1083, 8, '7929', 'S5251', 'S5251|7929'),
(1084, 8, '7930', 'S422', 'S422|7930'),
(1085, 8, '7930', 'S4220', 'S4220|7930'),
(1086, 8, '7930', 'S4221', 'S4221|7930'),
(1087, 8, '7930', 'S423', 'S423|7930'),
(1088, 8, '7930', 'S4230', 'S4230|7930'),
(1089, 8, '7930', 'S4231', 'S4231|7930'),
(1090, 8, '7930', 'S525', 'S525|7930'),
(1091, 8, '7930', 'S5250', 'S5250|7930'),
(1092, 8, '7930', 'S5251', 'S5251|7930'),
(1093, 8, '7931', 'S422', 'S422|7931'),
(1094, 8, '7931', 'S4220', 'S4220|7931'),
(1095, 8, '7931', 'S4221', 'S4221|7931'),
(1096, 8, '7931', 'S423', 'S423|7931'),
(1097, 8, '7931', 'S4230', 'S4230|7931'),
(1098, 8, '7931', 'S4231', 'S4231|7931'),
(1099, 8, '7931', 'S525', 'S525|7931'),
(1100, 8, '7931', 'S5250', 'S5250|7931'),
(1101, 8, '7931', 'S5251', 'S5251|7931'),
(1102, 8, '7932', 'S422', 'S422|7932'),
(1103, 8, '7932', 'S4220', 'S4220|7932'),
(1104, 8, '7932', 'S4221', 'S4221|7932'),
(1105, 8, '7932', 'S423', 'S423|7932'),
(1106, 8, '7932', 'S4230', 'S4230|7932'),
(1107, 8, '7932', 'S4231', 'S4231|7932'),
(1108, 8, '7932', 'S525', 'S525|7932'),
(1109, 8, '7932', 'S5250', 'S5250|7932'),
(1110, 8, '7932', 'S5251', 'S5251|7932'),
(1111, 8, '7933', 'S422', 'S422|7933'),
(1112, 8, '7933', 'S4220', 'S4220|7933'),
(1113, 8, '7933', 'S4221', 'S4221|7933'),
(1114, 8, '7933', 'S423', 'S423|7933'),
(1115, 8, '7933', 'S4230', 'S4230|7933'),
(1116, 8, '7933', 'S4231', 'S4231|7933'),
(1117, 8, '7933', 'S525', 'S525|7933'),
(1118, 8, '7933', 'S5250', 'S5250|7933'),
(1119, 8, '7933', 'S5251', 'S5251|7933'),
(1120, 8, '7934', 'S422', 'S422|7934'),
(1121, 8, '7934', 'S4220', 'S4220|7934'),
(1122, 8, '7934', 'S4221', 'S4221|7934'),
(1123, 8, '7934', 'S423', 'S423|7934'),
(1124, 8, '7934', 'S4230', 'S4230|7934'),
(1125, 8, '7934', 'S4231', 'S4231|7934'),
(1126, 8, '7934', 'S525', 'S525|7934'),
(1127, 8, '7934', 'S5250', 'S5250|7934'),
(1128, 8, '7934', 'S5251', 'S5251|7934'),
(1129, 8, '7935', 'S422', 'S422|7935'),
(1130, 8, '7935', 'S4220', 'S4220|7935'),
(1131, 8, '7935', 'S4221', 'S4221|7935'),
(1132, 8, '7935', 'S423', 'S423|7935'),
(1133, 8, '7935', 'S4230', 'S4230|7935'),
(1134, 8, '7935', 'S4231', 'S4231|7935'),
(1135, 8, '7935', 'S525', 'S525|7935'),
(1136, 8, '7935', 'S5250', 'S5250|7935'),
(1137, 8, '7935', 'S5251', 'S5251|7935'),
(1138, 8, '7936', 'S422', 'S422|7936'),
(1139, 8, '7936', 'S4220', 'S4220|7936'),
(1140, 8, '7936', 'S4221', 'S4221|7936'),
(1141, 8, '7936', 'S423', 'S423|7936'),
(1142, 8, '7936', 'S4230', 'S4230|7936'),
(1143, 8, '7936', 'S4231', 'S4231|7936'),
(1144, 8, '7936', 'S525', 'S525|7936'),
(1145, 8, '7936', 'S5250', 'S5250|7936'),
(1146, 8, '7936', 'S5251', 'S5251|7936'),
(1147, 8, '7937', 'S422', 'S422|7937'),
(1148, 8, '7937', 'S4220', 'S4220|7937'),
(1149, 8, '7937', 'S4221', 'S4221|7937'),
(1150, 8, '7937', 'S423', 'S423|7937'),
(1151, 8, '7937', 'S4230', 'S4230|7937'),
(1152, 8, '7937', 'S4231', 'S4231|7937'),
(1153, 8, '7937', 'S525', 'S525|7937'),
(1154, 8, '7937', 'S5250', 'S5250|7937'),
(1155, 8, '7937', 'S5251', 'S5251|7937'),
(1156, 8, '7938', 'S422', 'S422|7938'),
(1157, 8, '7938', 'S4220', 'S4220|7938'),
(1158, 8, '7938', 'S4221', 'S4221|7938'),
(1159, 8, '7938', 'S423', 'S423|7938'),
(1160, 8, '7938', 'S4230', 'S4230|7938'),
(1161, 8, '7938', 'S4231', 'S4231|7938'),
(1162, 8, '7938', 'S525', 'S525|7938'),
(1163, 8, '7938', 'S5250', 'S5250|7938'),
(1164, 8, '7938', 'S5251', 'S5251|7938'),
(1165, 8, '7939', 'S422', 'S422|7939'),
(1166, 8, '7939', 'S4220', 'S4220|7939'),
(1167, 8, '7939', 'S4221', 'S4221|7939'),
(1168, 8, '7939', 'S423', 'S423|7939'),
(1169, 8, '7939', 'S4230', 'S4230|7939'),
(1170, 8, '7939', 'S4231', 'S4231|7939'),
(1171, 8, '7939', 'S525', 'S525|7939'),
(1172, 8, '7939', 'S5250', 'S5250|7939'),
(1173, 8, '7939', 'S5251', 'S5251|7939'),
(1174, 8, '7940', 'S423', 'S423|7940'),
(1175, 8, '7940', 'S4230', 'S4230|7940'),
(1176, 8, '7940', 'S4231', 'S4231|7940'),
(1177, 8, '7940', 'S525', 'S525|7940'),
(1178, 8, '7940', 'S5250', 'S5250|7940'),
(1179, 8, '7940', 'S5251', 'S5251|7940'),
(1180, 8, '7941', 'S423', 'S423|7941'),
(1181, 8, '7941', 'S4230', 'S4230|7941'),
(1182, 8, '7941', 'S4231', 'S4231|7941'),
(1183, 8, '7941', 'S525', 'S525|7941'),
(1184, 8, '7941', 'S5250', 'S5250|7941'),
(1185, 8, '7941', 'S5251', 'S5251|7941'),
(1186, 8, '7942', 'S423', 'S423|7942'),
(1187, 8, '7942', 'S4230', 'S4230|7942'),
(1188, 8, '7942', 'S4231', 'S4231|7942'),
(1189, 8, '7942', 'S525', 'S525|7942'),
(1190, 8, '7942', 'S5250', 'S5250|7942'),
(1191, 8, '7942', 'S5251', 'S5251|7942'),
(1192, 8, '7945', 'S423', 'S423|7945'),
(1193, 8, '7945', 'S4230', 'S4230|7945'),
(1194, 8, '7945', 'S4231', 'S4231|7945'),
(1195, 8, '7945', 'S525', 'S525|7945'),
(1196, 8, '7945', 'S5250', 'S5250|7945'),
(1197, 8, '7945', 'S5251', 'S5251|7945'),
(1198, 8, '7946', 'S423', 'S423|7946'),
(1199, 8, '7946', 'S4230', 'S4230|7946'),
(1200, 8, '7946', 'S4231', 'S4231|7946'),
(1201, 8, '7946', 'S525', 'S525|7946'),
(1202, 8, '7946', 'S5250', 'S5250|7946'),
(1203, 8, '7946', 'S5251', 'S5251|7946'),
(1204, 8, '7949', 'S423', 'S423|7949'),
(1205, 8, '7949', 'S4230', 'S4230|7949'),
(1206, 8, '7949', 'S4231', 'S4231|7949'),
(1207, 8, '7949', 'S525', 'S525|7949'),
(1208, 8, '7949', 'S5250', 'S5250|7949'),
(1209, 8, '7949', 'S5251', 'S5251|7949'),
(1210, 8, '7950', 'S423', 'S423|7950'),
(1211, 8, '7950', 'S4230', 'S4230|7950'),
(1212, 8, '7950', 'S4231', 'S4231|7950'),
(1213, 8, '7950', 'S525', 'S525|7950'),
(1214, 8, '7950', 'S5250', 'S5250|7950'),
(1215, 8, '7950', 'S5251', 'S5251|7950'),
(1216, 8, '7951', 'S423', 'S423|7951'),
(1217, 8, '7951', 'S4230', 'S4230|7951'),
(1218, 8, '7951', 'S4231', 'S4231|7951'),
(1219, 8, '7951', 'S525', 'S525|7951'),
(1220, 8, '7951', 'S5250', 'S5250|7951'),
(1221, 8, '7951', 'S5251', 'S5251|7951'),
(1222, 8, '7952', 'S423', 'S423|7952'),
(1223, 8, '7952', 'S4230', 'S4230|7952'),
(1224, 8, '7952', 'S4231', 'S4231|7952'),
(1225, 8, '7952', 'S525', 'S525|7952'),
(1226, 8, '7952', 'S5250', 'S5250|7952'),
(1227, 8, '7952', 'S5251', 'S5251|7952'),
(1228, 8, '7955', 'S423', 'S423|7955'),
(1229, 8, '7955', 'S4230', 'S4230|7955'),
(1230, 8, '7955', 'S4231', 'S4231|7955'),
(1231, 8, '7955', 'S525', 'S525|7955'),
(1232, 8, '7955', 'S5250', 'S5250|7955'),
(1233, 8, '7955', 'S5251', 'S5251|7955'),
(1234, 8, '7956', 'S423', 'S423|7956'),
(1235, 8, '7956', 'S4230', 'S4230|7956'),
(1236, 8, '7956', 'S4231', 'S4231|7956'),
(1237, 8, '7956', 'S525', 'S525|7956'),
(1238, 8, '7956', 'S5250', 'S5250|7956'),
(1239, 8, '7956', 'S5251', 'S5251|7956'),
(1240, 8, '7959', 'S423', 'S423|7959'),
(1241, 8, '7959', 'S4230', 'S4230|7959'),
(1242, 8, '7959', 'S4231', 'S4231|7959'),
(1243, 8, '7959', 'S525', 'S525|7959'),
(1244, 8, '7959', 'S5250', 'S5250|7959'),
(1245, 8, '7959', 'S5251', 'S5251|7959'),
(1246, 8, '7960', 'S423', 'S423|7960'),
(1247, 8, '7960', 'S4230', 'S4230|7960'),
(1248, 8, '7960', 'S4231', 'S4231|7960'),
(1249, 8, '7960', 'S525', 'S525|7960'),
(1250, 8, '7960', 'S5250', 'S5250|7960'),
(1251, 8, '7960', 'S5251', 'S5251|7960'),
(1252, 8, '7961', 'S423', 'S423|7961'),
(1253, 8, '7961', 'S4230', 'S4230|7961'),
(1254, 8, '7961', 'S4231', 'S4231|7961'),
(1255, 8, '7961', 'S525', 'S525|7961'),
(1256, 8, '7961', 'S5250', 'S5250|7961'),
(1257, 8, '7961', 'S5251', 'S5251|7961'),
(1258, 8, '7962', 'S423', 'S423|7962'),
(1259, 8, '7962', 'S4230', 'S4230|7962'),
(1260, 8, '7962', 'S4231', 'S4231|7962'),
(1261, 8, '7962', 'S525', 'S525|7962'),
(1262, 8, '7962', 'S5250', 'S5250|7962'),
(1263, 8, '7962', 'S5251', 'S5251|7962'),
(1264, 8, '7963', 'S423', 'S423|7963'),
(1265, 8, '7963', 'S4230', 'S4230|7963'),
(1266, 8, '7963', 'S4231', 'S4231|7963'),
(1267, 8, '7963', 'S525', 'S525|7963'),
(1268, 8, '7963', 'S5250', 'S5250|7963'),
(1269, 8, '7963', 'S5251', 'S5251|7963'),
(1270, 8, '7964', 'S423', 'S423|7964'),
(1271, 8, '7964', 'S4230', 'S4230|7964'),
(1272, 8, '7964', 'S4231', 'S4231|7964'),
(1273, 8, '7964', 'S525', 'S525|7964'),
(1274, 8, '7964', 'S5250', 'S5250|7964'),
(1275, 8, '7964', 'S5251', 'S5251|7964'),
(1276, 8, '7965', 'S423', 'S423|7965'),
(1277, 8, '7965', 'S4230', 'S4230|7965'),
(1278, 8, '7965', 'S4231', 'S4231|7965'),
(1279, 8, '7965', 'S525', 'S525|7965'),
(1280, 8, '7965', 'S5250', 'S5250|7965'),
(1281, 8, '7965', 'S5251', 'S5251|7965'),
(1282, 8, '7966', 'S423', 'S423|7966'),
(1283, 8, '7966', 'S4230', 'S4230|7966'),
(1284, 8, '7966', 'S4231', 'S4231|7966'),
(1285, 8, '7966', 'S525', 'S525|7966'),
(1286, 8, '7966', 'S5250', 'S5250|7966'),
(1287, 8, '7966', 'S5251', 'S5251|7966'),
(1288, 8, '7967', 'S423', 'S423|7967'),
(1289, 8, '7967', 'S4230', 'S4230|7967'),
(1290, 8, '7967', 'S4231', 'S4231|7967'),
(1291, 8, '7967', 'S525', 'S525|7967'),
(1292, 8, '7967', 'S5250', 'S5250|7967'),
(1293, 8, '7967', 'S5251', 'S5251|7967'),
(1294, 8, '7968', 'S423', 'S423|7968'),
(1295, 8, '7968', 'S4230', 'S4230|7968'),
(1296, 8, '7968', 'S4231', 'S4231|7968'),
(1297, 8, '7968', 'S525', 'S525|7968'),
(1298, 8, '7968', 'S5250', 'S5250|7968'),
(1299, 8, '7968', 'S5251', 'S5251|7968'),
(1300, 8, '7969', 'S423', 'S423|7969'),
(1301, 8, '7969', 'S4230', 'S4230|7969'),
(1302, 8, '7969', 'S4231', 'S4231|7969'),
(1303, 8, '7969', 'S525', 'S525|7969'),
(1304, 8, '7969', 'S5250', 'S5250|7969'),
(1305, 8, '7969', 'S5251', 'S5251|7969'),
(1306, 8, '7970', 'S423', 'S423|7970'),
(1307, 8, '7970', 'S4230', 'S4230|7970'),
(1308, 8, '7970', 'S4231', 'S4231|7970'),
(1309, 8, '7970', 'S525', 'S525|7970'),
(1310, 8, '7970', 'S5250', 'S5250|7970'),
(1311, 8, '7970', 'S5251', 'S5251|7970'),
(1312, 8, '7971', 'S423', 'S423|7971'),
(1313, 8, '7971', 'S4230', 'S4230|7971'),
(1314, 8, '7971', 'S4231', 'S4231|7971'),
(1315, 8, '7971', 'S525', 'S525|7971'),
(1316, 8, '7971', 'S5250', 'S5250|7971'),
(1317, 8, '7971', 'S5251', 'S5251|7971'),
(1318, 8, '7972', 'S423', 'S423|7972'),
(1319, 8, '7972', 'S4230', 'S4230|7972'),
(1320, 8, '7972', 'S4231', 'S4231|7972'),
(1321, 8, '7972', 'S525', 'S525|7972'),
(1322, 8, '7972', 'S5250', 'S5250|7972'),
(1323, 8, '7972', 'S5251', 'S5251|7972'),
(1324, 8, '7973', 'S423', 'S423|7973'),
(1325, 8, '7973', 'S4230', 'S4230|7973'),
(1326, 8, '7973', 'S4231', 'S4231|7973'),
(1327, 8, '7973', 'S525', 'S525|7973'),
(1328, 8, '7973', 'S5250', 'S5250|7973'),
(1329, 8, '7973', 'S5251', 'S5251|7973'),
(1330, 8, '7974', 'S423', 'S423|7974'),
(1331, 8, '7974', 'S4230', 'S4230|7974'),
(1332, 8, '7974', 'S4231', 'S4231|7974'),
(1333, 8, '7974', 'S525', 'S525|7974'),
(1334, 8, '7974', 'S5250', 'S5250|7974'),
(1335, 8, '7974', 'S5251', 'S5251|7974'),
(1336, 8, '7975', 'S423', 'S423|7975'),
(1337, 8, '7975', 'S4230', 'S4230|7975'),
(1338, 8, '7975', 'S4231', 'S4231|7975'),
(1339, 8, '7975', 'S525', 'S525|7975'),
(1340, 8, '7975', 'S5250', 'S5250|7975'),
(1341, 8, '7975', 'S5251', 'S5251|7975'),
(1342, 8, '7976', 'S423', 'S423|7976');
INSERT INTO `base` (`id_base`, `department`, `icd9`, `icd10`, `find`) VALUES
(1343, 8, '7976', 'S4230', 'S4230|7976'),
(1344, 8, '7976', 'S4231', 'S4231|7976'),
(1345, 8, '7976', 'S525', 'S525|7976'),
(1346, 8, '7976', 'S5250', 'S5250|7976'),
(1347, 8, '7976', 'S5251', 'S5251|7976'),
(1348, 8, '7977', 'S423', 'S423|7977'),
(1349, 8, '7977', 'S4230', 'S4230|7977'),
(1350, 8, '7977', 'S4231', 'S4231|7977'),
(1351, 8, '7977', 'S525', 'S525|7977'),
(1352, 8, '7977', 'S5250', 'S5250|7977'),
(1353, 8, '7977', 'S5251', 'S5251|7977'),
(1354, 8, '7978', 'S423', 'S423|7978'),
(1355, 8, '7978', 'S4230', 'S4230|7978'),
(1356, 8, '7978', 'S4231', 'S4231|7978'),
(1357, 8, '7978', 'S525', 'S525|7978'),
(1358, 8, '7978', 'S5250', 'S5250|7978'),
(1359, 8, '7978', 'S5251', 'S5251|7978'),
(1360, 8, '7979', 'S423', 'S423|7979'),
(1361, 8, '7979', 'S4230', 'S4230|7979'),
(1362, 8, '7979', 'S4231', 'S4231|7979'),
(1363, 8, '7979', 'S525', 'S525|7979'),
(1364, 8, '7979', 'S5250', 'S5250|7979'),
(1365, 8, '7979', 'S5251', 'S5251|7979'),
(1366, 8, '7980', 'S423', 'S423|7980'),
(1367, 8, '7980', 'S4230', 'S4230|7980'),
(1368, 8, '7980', 'S4231', 'S4231|7980'),
(1369, 8, '7980', 'S525', 'S525|7980'),
(1370, 8, '7980', 'S5250', 'S5250|7980'),
(1371, 8, '7980', 'S5251', 'S5251|7980'),
(1372, 8, '7981', 'S423', 'S423|7981'),
(1373, 8, '7981', 'S4230', 'S4230|7981'),
(1374, 8, '7981', 'S4231', 'S4231|7981'),
(1375, 8, '7981', 'S525', 'S525|7981'),
(1376, 8, '7981', 'S5250', 'S5250|7981'),
(1377, 8, '7981', 'S5251', 'S5251|7981'),
(1378, 8, '7982', 'S423', 'S423|7982'),
(1379, 8, '7982', 'S4230', 'S4230|7982'),
(1380, 8, '7982', 'S4231', 'S4231|7982'),
(1381, 8, '7982', 'S525', 'S525|7982'),
(1382, 8, '7982', 'S5250', 'S5250|7982'),
(1383, 8, '7982', 'S5251', 'S5251|7982'),
(1384, 8, '7983', 'S423', 'S423|7983'),
(1385, 8, '7983', 'S4230', 'S4230|7983'),
(1386, 8, '7983', 'S4231', 'S4231|7983'),
(1387, 8, '7983', 'S525', 'S525|7983'),
(1388, 8, '7983', 'S5250', 'S5250|7983'),
(1389, 8, '7983', 'S5251', 'S5251|7983'),
(1390, 8, '7984', 'S423', 'S423|7984'),
(1391, 8, '7984', 'S4230', 'S4230|7984'),
(1392, 8, '7984', 'S4231', 'S4231|7984'),
(1393, 8, '7984', 'S525', 'S525|7984'),
(1394, 8, '7984', 'S5250', 'S5250|7984'),
(1395, 8, '7984', 'S5251', 'S5251|7984'),
(1396, 8, '7985', 'S423', 'S423|7985'),
(1397, 8, '7985', 'S4230', 'S4230|7985'),
(1398, 8, '7985', 'S4231', 'S4231|7985'),
(1399, 8, '7985', 'S525', 'S525|7985'),
(1400, 8, '7985', 'S5250', 'S5250|7985'),
(1401, 8, '7985', 'S5251', 'S5251|7985'),
(1402, 8, '7986', 'S423', 'S423|7986'),
(1403, 8, '7986', 'S4230', 'S4230|7986'),
(1404, 8, '7986', 'S4231', 'S4231|7986'),
(1405, 8, '7986', 'S525', 'S525|7986'),
(1406, 8, '7986', 'S5250', 'S5250|7986'),
(1407, 8, '7986', 'S5251', 'S5251|7986'),
(1408, 8, '7987', 'S423', 'S423|7987'),
(1409, 8, '7987', 'S4230', 'S4230|7987'),
(1410, 8, '7987', 'S4231', 'S4231|7987'),
(1411, 8, '7987', 'S525', 'S525|7987'),
(1412, 8, '7987', 'S5250', 'S5250|7987'),
(1413, 8, '7987', 'S5251', 'S5251|7987'),
(1414, 8, '7988', 'S423', 'S423|7988'),
(1415, 8, '7988', 'S4230', 'S4230|7988'),
(1416, 8, '7988', 'S4231', 'S4231|7988'),
(1417, 8, '7988', 'S525', 'S525|7988'),
(1418, 8, '7988', 'S5250', 'S5250|7988'),
(1419, 8, '7988', 'S5251', 'S5251|7988'),
(1420, 8, '7989', 'S423', 'S423|7989'),
(1421, 8, '7989', 'S4230', 'S4230|7989'),
(1422, 8, '7989', 'S4231', 'S4231|7989'),
(1423, 8, '7989', 'S525', 'S525|7989'),
(1424, 8, '7989', 'S5250', 'S5250|7989'),
(1425, 8, '7989', 'S5251', 'S5251|7989'),
(1426, 8, '7990', 'S423', 'S423|7990'),
(1427, 8, '7990', 'S4230', 'S4230|7990'),
(1428, 8, '7990', 'S4231', 'S4231|7990'),
(1429, 8, '7990', 'S525', 'S525|7990'),
(1430, 8, '7990', 'S5250', 'S5250|7990'),
(1431, 8, '7990', 'S5251', 'S5251|7990'),
(1432, 8, '7991', 'S423', 'S423|7991'),
(1433, 8, '7991', 'S4230', 'S4230|7991'),
(1434, 8, '7991', 'S4231', 'S4231|7991'),
(1435, 8, '7991', 'S525', 'S525|7991'),
(1436, 8, '7991', 'S5250', 'S5250|7991'),
(1437, 8, '7991', 'S5251', 'S5251|7991'),
(1438, 8, '7992', 'S423', 'S423|7992'),
(1439, 8, '7992', 'S4230', 'S4230|7992'),
(1440, 8, '7992', 'S4231', 'S4231|7992'),
(1441, 8, '7992', 'S525', 'S525|7992'),
(1442, 8, '7992', 'S5250', 'S5250|7992'),
(1443, 8, '7992', 'S5251', 'S5251|7992'),
(1444, 8, '7993', 'S423', 'S423|7993'),
(1445, 8, '7993', 'S4230', 'S4230|7993'),
(1446, 8, '7993', 'S4231', 'S4231|7993'),
(1447, 8, '7993', 'S525', 'S525|7993'),
(1448, 8, '7993', 'S5250', 'S5250|7993'),
(1449, 8, '7993', 'S5251', 'S5251|7993'),
(1450, 8, '7994', 'S423', 'S423|7994'),
(1451, 8, '7994', 'S4230', 'S4230|7994'),
(1452, 8, '7994', 'S4231', 'S4231|7994'),
(1453, 8, '7994', 'S525', 'S525|7994'),
(1454, 8, '7994', 'S5250', 'S5250|7994'),
(1455, 8, '7994', 'S5251', 'S5251|7994'),
(1456, 8, '7995', 'S423', 'S423|7995'),
(1457, 8, '7995', 'S4230', 'S4230|7995'),
(1458, 8, '7995', 'S4231', 'S4231|7995'),
(1459, 8, '7995', 'S525', 'S525|7995'),
(1460, 8, '7995', 'S5250', 'S5250|7995'),
(1461, 8, '7995', 'S5251', 'S5251|7995'),
(1462, 8, '7996', 'S423', 'S423|7996'),
(1463, 8, '7996', 'S4230', 'S4230|7996'),
(1464, 8, '7996', 'S4231', 'S4231|7996'),
(1465, 8, '7996', 'S525', 'S525|7996'),
(1466, 8, '7996', 'S5250', 'S5250|7996'),
(1467, 8, '7996', 'S5251', 'S5251|7996'),
(1468, 8, '7997', 'S423', 'S423|7997'),
(1469, 8, '7997', 'S4230', 'S4230|7997'),
(1470, 8, '7997', 'S4231', 'S4231|7997'),
(1471, 8, '7997', 'S525', 'S525|7997'),
(1472, 8, '7997', 'S5250', 'S5250|7997'),
(1473, 8, '7997', 'S5251', 'S5251|7997'),
(1474, 8, '7998', 'S423', 'S423|7998'),
(1475, 8, '7998', 'S4230', 'S4230|7998'),
(1476, 8, '7998', 'S4231', 'S4231|7998'),
(1477, 8, '7998', 'S525', 'S525|7998'),
(1478, 8, '7998', 'S5250', 'S5250|7998'),
(1479, 8, '7998', 'S5251', 'S5251|7998'),
(1480, 8, '7999', 'S423', 'S423|7999'),
(1481, 8, '7999', 'S4230', 'S4230|7999'),
(1482, 8, '7999', 'S4231', 'S4231|7999'),
(1483, 8, '7999', 'S525', 'S525|7999'),
(1484, 8, '7999', 'S5250', 'S5250|7999'),
(1485, 8, '7999', 'S5251', 'S5251|7999'),
(1486, 8, '8020', 'M139', 'M139|8020'),
(1487, 8, '8020', 'M1390', 'M1390|8020'),
(1488, 8, '8020', 'M1391', 'M1391|8020'),
(1489, 8, '8020', 'M1392', 'M1392|8020'),
(1490, 8, '8020', 'M1393', 'M1393|8020'),
(1491, 8, '8020', 'M1394', 'M1394|8020'),
(1492, 8, '8020', 'M1395', 'M1395|8020'),
(1493, 8, '8020', 'M1396', 'M1396|8020'),
(1494, 8, '8020', 'M1397', 'M1397|8020'),
(1495, 8, '8020', 'M1398', 'M1398|8020'),
(1496, 8, '8020', 'M1399', 'M1399|8020'),
(1497, 8, '8026', 'M230', 'M230|8026'),
(1498, 8, '8026', 'M2300', 'M2300|8026'),
(1499, 8, '8026', 'M2301', 'M2301|8026'),
(1500, 8, '8026', 'M2302', 'M2302|8026'),
(1501, 8, '8026', 'M2303', 'M2303|8026'),
(1502, 8, '8026', 'M2304', 'M2304|8026'),
(1503, 8, '8026', 'M2305', 'M2305|8026'),
(1504, 8, '8026', 'M2306', 'M2306|8026'),
(1505, 8, '8026', 'M2309', 'M2309|8026'),
(1506, 8, '8026', 'M231', 'M231|8026'),
(1507, 8, '8026', 'M2310', 'M2310|8026'),
(1508, 8, '8026', 'M2311', 'M2311|8026'),
(1509, 8, '8026', 'M2312', 'M2312|8026'),
(1510, 8, '8026', 'M2313', 'M2313|8026'),
(1511, 8, '8026', 'M2314', 'M2314|8026'),
(1512, 8, '8026', 'M2315', 'M2315|8026'),
(1513, 8, '8026', 'M2316', 'M2316|8026'),
(1514, 8, '8026', 'M2319', 'M2319|8026'),
(1515, 8, '8026', 'M232', 'M232|8026'),
(1516, 8, '8026', 'M2320', 'M2320|8026'),
(1517, 8, '8026', 'M2321', 'M2321|8026'),
(1518, 8, '8026', 'M2322', 'M2322|8026'),
(1519, 8, '8026', 'M2323', 'M2323|8026'),
(1520, 8, '8026', 'M2324', 'M2324|8026'),
(1521, 8, '8026', 'M2325', 'M2325|8026'),
(1522, 8, '8026', 'M2326', 'M2326|8026'),
(1523, 8, '8026', 'M2329', 'M2329|8026'),
(1524, 8, '8026', 'M233', 'M233|8026'),
(1525, 8, '8026', 'M2330', 'M2330|8026'),
(1526, 8, '8026', 'M2331', 'M2331|8026'),
(1527, 8, '8026', 'M2332', 'M2332|8026'),
(1528, 8, '8026', 'M2333', 'M2333|8026'),
(1529, 8, '8026', 'M2334', 'M2334|8026'),
(1530, 8, '8026', 'M2335', 'M2335|8026'),
(1531, 8, '8026', 'M2336', 'M2336|8026'),
(1532, 8, '8026', 'M2339', 'M2339|8026'),
(1533, 8, '8026', 'M234', 'M234|8026'),
(1534, 8, '8026', 'M2340', 'M2340|8026'),
(1535, 8, '8026', 'M2349', 'M2349|8026'),
(1536, 8, '8026', 'M235', 'M235|8026'),
(1537, 8, '8026', 'M2350', 'M2350|8026'),
(1538, 8, '8026', 'M2351', 'M2351|8026'),
(1539, 8, '8026', 'M2352', 'M2352|8026'),
(1540, 8, '8026', 'M2353', 'M2353|8026'),
(1541, 8, '8026', 'M2354', 'M2354|8026'),
(1542, 8, '8026', 'M2355', 'M2355|8026'),
(1543, 8, '8026', 'M2356', 'M2356|8026'),
(1544, 8, '8026', 'M2357', 'M2357|8026'),
(1545, 8, '8026', 'M2359', 'M2359|8026'),
(1546, 8, '8026', 'M236', 'M236|8026'),
(1547, 8, '8026', 'M2360', 'M2360|8026'),
(1548, 8, '8026', 'M2361', 'M2361|8026'),
(1549, 8, '8026', 'M2362', 'M2362|8026'),
(1550, 8, '8026', 'M2363', 'M2363|8026'),
(1551, 8, '8026', 'M2364', 'M2364|8026'),
(1552, 8, '8026', 'M2367', 'M2367|8026'),
(1553, 8, '8026', 'M2369', 'M2369|8026'),
(1554, 8, '8026', 'M238', 'M238|8026'),
(1555, 8, '8026', 'M2380', 'M2380|8026'),
(1556, 8, '8026', 'M2381', 'M2381|8026'),
(1557, 8, '8026', 'M2382', 'M2382|8026'),
(1558, 8, '8026', 'M2383', 'M2383|8026'),
(1559, 8, '8026', 'M2384', 'M2384|8026'),
(1560, 8, '8026', 'M2385', 'M2385|8026'),
(1561, 8, '8026', 'M2386', 'M2386|8026'),
(1562, 8, '8026', 'M2387', 'M2387|8026'),
(1563, 8, '8026', 'M2389', 'M2389|8026'),
(1564, 8, '8026', 'M239', 'M239|8026'),
(1565, 8, '8026', 'M2390', 'M2390|8026'),
(1566, 8, '8026', 'M2391', 'M2391|8026'),
(1567, 8, '8026', 'M2392', 'M2392|8026'),
(1568, 8, '8026', 'M2393', 'M2393|8026'),
(1569, 8, '8026', 'M2394', 'M2394|8026'),
(1570, 8, '8026', 'M2395', 'M2395|8026'),
(1571, 8, '8026', 'M2396', 'M2396|8026'),
(1572, 8, '8026', 'M2397', 'M2397|8026'),
(1573, 8, '8026', 'M2399', 'M2399|8026'),
(1574, 8, '8026', 'S832', 'S832|8026'),
(1575, 8, '8051', 'M512', 'M512|8051'),
(1576, 8, '8140', 'M230', 'M230|8140'),
(1577, 8, '8140', 'M2300', 'M2300|8140'),
(1578, 8, '8140', 'M2301', 'M2301|8140'),
(1579, 8, '8140', 'M2302', 'M2302|8140'),
(1580, 8, '8140', 'M2303', 'M2303|8140'),
(1581, 8, '8140', 'M2304', 'M2304|8140'),
(1582, 8, '8140', 'M2305', 'M2305|8140'),
(1583, 8, '8140', 'M2306', 'M2306|8140'),
(1584, 8, '8140', 'M2309', 'M2309|8140'),
(1585, 8, '8140', 'M231', 'M231|8140'),
(1586, 8, '8140', 'M2310', 'M2310|8140'),
(1587, 8, '8140', 'M2311', 'M2311|8140'),
(1588, 8, '8140', 'M2312', 'M2312|8140'),
(1589, 8, '8140', 'M2313', 'M2313|8140'),
(1590, 8, '8140', 'M2314', 'M2314|8140'),
(1591, 8, '8140', 'M2315', 'M2315|8140'),
(1592, 8, '8140', 'M2316', 'M2316|8140'),
(1593, 8, '8140', 'M2319', 'M2319|8140'),
(1594, 8, '8140', 'M232', 'M232|8140'),
(1595, 8, '8140', 'M2320', 'M2320|8140'),
(1596, 8, '8140', 'M2321', 'M2321|8140'),
(1597, 8, '8140', 'M2322', 'M2322|8140'),
(1598, 8, '8140', 'M2323', 'M2323|8140'),
(1599, 8, '8140', 'M2324', 'M2324|8140'),
(1600, 8, '8140', 'M2325', 'M2325|8140'),
(1601, 8, '8140', 'M2326', 'M2326|8140'),
(1602, 8, '8140', 'M2329', 'M2329|8140'),
(1603, 8, '8140', 'M233', 'M233|8140'),
(1604, 8, '8140', 'M2330', 'M2330|8140'),
(1605, 8, '8140', 'M2331', 'M2331|8140'),
(1606, 8, '8140', 'M2332', 'M2332|8140'),
(1607, 8, '8140', 'M2333', 'M2333|8140'),
(1608, 8, '8140', 'M2334', 'M2334|8140'),
(1609, 8, '8140', 'M2335', 'M2335|8140'),
(1610, 8, '8140', 'M2336', 'M2336|8140'),
(1611, 8, '8140', 'M2339', 'M2339|8140'),
(1612, 8, '8140', 'M234', 'M234|8140'),
(1613, 8, '8140', 'M2340', 'M2340|8140'),
(1614, 8, '8140', 'M2349', 'M2349|8140'),
(1615, 8, '8140', 'M235', 'M235|8140'),
(1616, 8, '8140', 'M2350', 'M2350|8140'),
(1617, 8, '8140', 'M2351', 'M2351|8140'),
(1618, 8, '8140', 'M2352', 'M2352|8140'),
(1619, 8, '8140', 'M2353', 'M2353|8140'),
(1620, 8, '8140', 'M2354', 'M2354|8140'),
(1621, 8, '8140', 'M2355', 'M2355|8140'),
(1622, 8, '8140', 'M2356', 'M2356|8140'),
(1623, 8, '8140', 'M2357', 'M2357|8140'),
(1624, 8, '8140', 'M2359', 'M2359|8140'),
(1625, 8, '8140', 'M236', 'M236|8140'),
(1626, 8, '8140', 'M2360', 'M2360|8140'),
(1627, 8, '8140', 'M2361', 'M2361|8140'),
(1628, 8, '8140', 'M2362', 'M2362|8140'),
(1629, 8, '8140', 'M2363', 'M2363|8140'),
(1630, 8, '8140', 'M2364', 'M2364|8140'),
(1631, 8, '8140', 'M2367', 'M2367|8140'),
(1632, 8, '8140', 'M2369', 'M2369|8140'),
(1633, 8, '8140', 'M238', 'M238|8140'),
(1634, 8, '8140', 'M2380', 'M2380|8140'),
(1635, 8, '8140', 'M2381', 'M2381|8140'),
(1636, 8, '8140', 'M2382', 'M2382|8140'),
(1637, 8, '8140', 'M2383', 'M2383|8140'),
(1638, 8, '8140', 'M2384', 'M2384|8140'),
(1639, 8, '8140', 'M2385', 'M2385|8140'),
(1640, 8, '8140', 'M2386', 'M2386|8140'),
(1641, 8, '8140', 'M2387', 'M2387|8140'),
(1642, 8, '8140', 'M2389', 'M2389|8140'),
(1643, 8, '8140', 'M239', 'M239|8140'),
(1644, 8, '8140', 'M2390', 'M2390|8140'),
(1645, 8, '8140', 'M2391', 'M2391|8140'),
(1646, 8, '8140', 'M2392', 'M2392|8140'),
(1647, 8, '8140', 'M2393', 'M2393|8140'),
(1648, 8, '8140', 'M2394', 'M2394|8140'),
(1649, 8, '8140', 'M2395', 'M2395|8140'),
(1650, 8, '8140', 'M2396', 'M2396|8140'),
(1651, 8, '8140', 'M2397', 'M2397|8140'),
(1652, 8, '8140', 'M2399', 'M2399|8140'),
(1653, 8, '8142', 'M230', 'M230|8142'),
(1654, 8, '8142', 'M2300', 'M2300|8142'),
(1655, 8, '8142', 'M2301', 'M2301|8142'),
(1656, 8, '8142', 'M2302', 'M2302|8142'),
(1657, 8, '8142', 'M2303', 'M2303|8142'),
(1658, 8, '8142', 'M2304', 'M2304|8142'),
(1659, 8, '8142', 'M2305', 'M2305|8142'),
(1660, 8, '8142', 'M2306', 'M2306|8142'),
(1661, 8, '8142', 'M2309', 'M2309|8142'),
(1662, 8, '8142', 'M231', 'M231|8142'),
(1663, 8, '8142', 'M2310', 'M2310|8142'),
(1664, 8, '8142', 'M2311', 'M2311|8142'),
(1665, 8, '8142', 'M2312', 'M2312|8142'),
(1666, 8, '8142', 'M2313', 'M2313|8142'),
(1667, 8, '8142', 'M2314', 'M2314|8142'),
(1668, 8, '8142', 'M2315', 'M2315|8142'),
(1669, 8, '8142', 'M2316', 'M2316|8142'),
(1670, 8, '8142', 'M2319', 'M2319|8142'),
(1671, 8, '8142', 'M232', 'M232|8142'),
(1672, 8, '8142', 'M2320', 'M2320|8142'),
(1673, 8, '8142', 'M2321', 'M2321|8142'),
(1674, 8, '8142', 'M2322', 'M2322|8142'),
(1675, 8, '8142', 'M2323', 'M2323|8142'),
(1676, 8, '8142', 'M2324', 'M2324|8142'),
(1677, 8, '8142', 'M2325', 'M2325|8142'),
(1678, 8, '8142', 'M2326', 'M2326|8142'),
(1679, 8, '8142', 'M2329', 'M2329|8142'),
(1680, 8, '8142', 'M233', 'M233|8142'),
(1681, 8, '8142', 'M2330', 'M2330|8142'),
(1682, 8, '8142', 'M2331', 'M2331|8142'),
(1683, 8, '8142', 'M2332', 'M2332|8142'),
(1684, 8, '8142', 'M2333', 'M2333|8142'),
(1685, 8, '8142', 'M2334', 'M2334|8142'),
(1686, 8, '8142', 'M2335', 'M2335|8142'),
(1687, 8, '8142', 'M2336', 'M2336|8142'),
(1688, 8, '8142', 'M2339', 'M2339|8142'),
(1689, 8, '8142', 'M234', 'M234|8142'),
(1690, 8, '8142', 'M2340', 'M2340|8142'),
(1691, 8, '8142', 'M2349', 'M2349|8142'),
(1692, 8, '8142', 'M235', 'M235|8142'),
(1693, 8, '8142', 'M2350', 'M2350|8142'),
(1694, 8, '8142', 'M2351', 'M2351|8142'),
(1695, 8, '8142', 'M2352', 'M2352|8142'),
(1696, 8, '8142', 'M2353', 'M2353|8142'),
(1697, 8, '8142', 'M2354', 'M2354|8142'),
(1698, 8, '8142', 'M2355', 'M2355|8142'),
(1699, 8, '8142', 'M2356', 'M2356|8142'),
(1700, 8, '8142', 'M2357', 'M2357|8142'),
(1701, 8, '8142', 'M2359', 'M2359|8142'),
(1702, 8, '8142', 'M236', 'M236|8142'),
(1703, 8, '8142', 'M2360', 'M2360|8142'),
(1704, 8, '8142', 'M2361', 'M2361|8142'),
(1705, 8, '8142', 'M2362', 'M2362|8142'),
(1706, 8, '8142', 'M2363', 'M2363|8142'),
(1707, 8, '8142', 'M2364', 'M2364|8142'),
(1708, 8, '8142', 'M2367', 'M2367|8142'),
(1709, 8, '8142', 'M2369', 'M2369|8142'),
(1710, 8, '8142', 'M238', 'M238|8142'),
(1711, 8, '8142', 'M2380', 'M2380|8142'),
(1712, 8, '8142', 'M2381', 'M2381|8142'),
(1713, 8, '8142', 'M2382', 'M2382|8142'),
(1714, 8, '8142', 'M2383', 'M2383|8142'),
(1715, 8, '8142', 'M2384', 'M2384|8142'),
(1716, 8, '8142', 'M2385', 'M2385|8142'),
(1717, 8, '8142', 'M2386', 'M2386|8142'),
(1718, 8, '8142', 'M2387', 'M2387|8142'),
(1719, 8, '8142', 'M2389', 'M2389|8142'),
(1720, 8, '8142', 'M239', 'M239|8142'),
(1721, 8, '8142', 'M2390', 'M2390|8142'),
(1722, 8, '8142', 'M2391', 'M2391|8142'),
(1723, 8, '8142', 'M2392', 'M2392|8142'),
(1724, 8, '8142', 'M2393', 'M2393|8142'),
(1725, 8, '8142', 'M2394', 'M2394|8142'),
(1726, 8, '8142', 'M2395', 'M2395|8142'),
(1727, 8, '8142', 'M2396', 'M2396|8142'),
(1728, 8, '8142', 'M2397', 'M2397|8142'),
(1729, 8, '8142', 'M2399', 'M2399|8142'),
(1730, 8, '8143', 'M230', 'M230|8143'),
(1731, 8, '8143', 'M2300', 'M2300|8143'),
(1732, 8, '8143', 'M2301', 'M2301|8143'),
(1733, 8, '8143', 'M2302', 'M2302|8143'),
(1734, 8, '8143', 'M2303', 'M2303|8143'),
(1735, 8, '8143', 'M2304', 'M2304|8143'),
(1736, 8, '8143', 'M2305', 'M2305|8143'),
(1737, 8, '8143', 'M2306', 'M2306|8143'),
(1738, 8, '8143', 'M2309', 'M2309|8143'),
(1739, 8, '8143', 'M231', 'M231|8143'),
(1740, 8, '8143', 'M2310', 'M2310|8143'),
(1741, 8, '8143', 'M2311', 'M2311|8143'),
(1742, 8, '8143', 'M2312', 'M2312|8143'),
(1743, 8, '8143', 'M2313', 'M2313|8143'),
(1744, 8, '8143', 'M2314', 'M2314|8143'),
(1745, 8, '8143', 'M2315', 'M2315|8143'),
(1746, 8, '8143', 'M2316', 'M2316|8143'),
(1747, 8, '8143', 'M2319', 'M2319|8143'),
(1748, 8, '8143', 'M232', 'M232|8143'),
(1749, 8, '8143', 'M2320', 'M2320|8143'),
(1750, 8, '8143', 'M2321', 'M2321|8143'),
(1751, 8, '8143', 'M2322', 'M2322|8143'),
(1752, 8, '8143', 'M2323', 'M2323|8143'),
(1753, 8, '8143', 'M2324', 'M2324|8143'),
(1754, 8, '8143', 'M2325', 'M2325|8143'),
(1755, 8, '8143', 'M2326', 'M2326|8143'),
(1756, 8, '8143', 'M2329', 'M2329|8143'),
(1757, 8, '8143', 'M233', 'M233|8143'),
(1758, 8, '8143', 'M2330', 'M2330|8143'),
(1759, 8, '8143', 'M2331', 'M2331|8143'),
(1760, 8, '8143', 'M2332', 'M2332|8143'),
(1761, 8, '8143', 'M2333', 'M2333|8143'),
(1762, 8, '8143', 'M2334', 'M2334|8143'),
(1763, 8, '8143', 'M2335', 'M2335|8143'),
(1764, 8, '8143', 'M2336', 'M2336|8143'),
(1765, 8, '8143', 'M2339', 'M2339|8143'),
(1766, 8, '8143', 'M234', 'M234|8143'),
(1767, 8, '8143', 'M2340', 'M2340|8143'),
(1768, 8, '8143', 'M2349', 'M2349|8143'),
(1769, 8, '8143', 'M235', 'M235|8143'),
(1770, 8, '8143', 'M2350', 'M2350|8143'),
(1771, 8, '8143', 'M2351', 'M2351|8143'),
(1772, 8, '8143', 'M2352', 'M2352|8143'),
(1773, 8, '8143', 'M2353', 'M2353|8143'),
(1774, 8, '8143', 'M2354', 'M2354|8143'),
(1775, 8, '8143', 'M2355', 'M2355|8143'),
(1776, 8, '8143', 'M2356', 'M2356|8143'),
(1777, 8, '8143', 'M2357', 'M2357|8143'),
(1778, 8, '8143', 'M2359', 'M2359|8143'),
(1779, 8, '8143', 'M236', 'M236|8143'),
(1780, 8, '8143', 'M2360', 'M2360|8143'),
(1781, 8, '8143', 'M2361', 'M2361|8143'),
(1782, 8, '8143', 'M2362', 'M2362|8143'),
(1783, 8, '8143', 'M2363', 'M2363|8143'),
(1784, 8, '8143', 'M2364', 'M2364|8143'),
(1785, 8, '8143', 'M2367', 'M2367|8143'),
(1786, 8, '8143', 'M2369', 'M2369|8143'),
(1787, 8, '8143', 'M238', 'M238|8143'),
(1788, 8, '8143', 'M2380', 'M2380|8143'),
(1789, 8, '8143', 'M2381', 'M2381|8143'),
(1790, 8, '8143', 'M2382', 'M2382|8143'),
(1791, 8, '8143', 'M2383', 'M2383|8143'),
(1792, 8, '8143', 'M2384', 'M2384|8143'),
(1793, 8, '8143', 'M2385', 'M2385|8143'),
(1794, 8, '8143', 'M2386', 'M2386|8143'),
(1795, 8, '8143', 'M2387', 'M2387|8143'),
(1796, 8, '8143', 'M2389', 'M2389|8143'),
(1797, 8, '8143', 'M239', 'M239|8143'),
(1798, 8, '8143', 'M2390', 'M2390|8143'),
(1799, 8, '8143', 'M2391', 'M2391|8143'),
(1800, 8, '8143', 'M2392', 'M2392|8143'),
(1801, 8, '8143', 'M2393', 'M2393|8143'),
(1802, 8, '8143', 'M2394', 'M2394|8143'),
(1803, 8, '8143', 'M2395', 'M2395|8143'),
(1804, 8, '8143', 'M2396', 'M2396|8143'),
(1805, 8, '8143', 'M2397', 'M2397|8143'),
(1806, 8, '8143', 'M2399', 'M2399|8143'),
(1807, 8, '8144', 'M230', 'M230|8144'),
(1808, 8, '8144', 'M2300', 'M2300|8144'),
(1809, 8, '8144', 'M2301', 'M2301|8144'),
(1810, 8, '8144', 'M2302', 'M2302|8144'),
(1811, 8, '8144', 'M2303', 'M2303|8144'),
(1812, 8, '8144', 'M2304', 'M2304|8144'),
(1813, 8, '8144', 'M2305', 'M2305|8144'),
(1814, 8, '8144', 'M2306', 'M2306|8144'),
(1815, 8, '8144', 'M2309', 'M2309|8144'),
(1816, 8, '8144', 'M231', 'M231|8144'),
(1817, 8, '8144', 'M2310', 'M2310|8144'),
(1818, 8, '8144', 'M2311', 'M2311|8144'),
(1819, 8, '8144', 'M2312', 'M2312|8144'),
(1820, 8, '8144', 'M2313', 'M2313|8144'),
(1821, 8, '8144', 'M2314', 'M2314|8144'),
(1822, 8, '8144', 'M2315', 'M2315|8144'),
(1823, 8, '8144', 'M2316', 'M2316|8144'),
(1824, 8, '8144', 'M2319', 'M2319|8144'),
(1825, 8, '8144', 'M232', 'M232|8144'),
(1826, 8, '8144', 'M2320', 'M2320|8144'),
(1827, 8, '8144', 'M2321', 'M2321|8144'),
(1828, 8, '8144', 'M2322', 'M2322|8144'),
(1829, 8, '8144', 'M2323', 'M2323|8144'),
(1830, 8, '8144', 'M2324', 'M2324|8144'),
(1831, 8, '8144', 'M2325', 'M2325|8144'),
(1832, 8, '8144', 'M2326', 'M2326|8144'),
(1833, 8, '8144', 'M2329', 'M2329|8144'),
(1834, 8, '8144', 'M233', 'M233|8144'),
(1835, 8, '8144', 'M2330', 'M2330|8144'),
(1836, 8, '8144', 'M2331', 'M2331|8144'),
(1837, 8, '8144', 'M2332', 'M2332|8144'),
(1838, 8, '8144', 'M2333', 'M2333|8144'),
(1839, 8, '8144', 'M2334', 'M2334|8144'),
(1840, 8, '8144', 'M2335', 'M2335|8144'),
(1841, 8, '8144', 'M2336', 'M2336|8144'),
(1842, 8, '8144', 'M2339', 'M2339|8144'),
(1843, 8, '8144', 'M234', 'M234|8144'),
(1844, 8, '8144', 'M2340', 'M2340|8144'),
(1845, 8, '8144', 'M2349', 'M2349|8144'),
(1846, 8, '8144', 'M235', 'M235|8144'),
(1847, 8, '8144', 'M2350', 'M2350|8144'),
(1848, 8, '8144', 'M2351', 'M2351|8144'),
(1849, 8, '8144', 'M2352', 'M2352|8144'),
(1850, 8, '8144', 'M2353', 'M2353|8144'),
(1851, 8, '8144', 'M2354', 'M2354|8144'),
(1852, 8, '8144', 'M2355', 'M2355|8144'),
(1853, 8, '8144', 'M2356', 'M2356|8144'),
(1854, 8, '8144', 'M2357', 'M2357|8144'),
(1855, 8, '8144', 'M2359', 'M2359|8144'),
(1856, 8, '8144', 'M236', 'M236|8144'),
(1857, 8, '8144', 'M2360', 'M2360|8144'),
(1858, 8, '8144', 'M2361', 'M2361|8144'),
(1859, 8, '8144', 'M2362', 'M2362|8144'),
(1860, 8, '8144', 'M2363', 'M2363|8144'),
(1861, 8, '8144', 'M2364', 'M2364|8144'),
(1862, 8, '8144', 'M2367', 'M2367|8144'),
(1863, 8, '8144', 'M2369', 'M2369|8144'),
(1864, 8, '8144', 'M238', 'M238|8144'),
(1865, 8, '8144', 'M2380', 'M2380|8144'),
(1866, 8, '8144', 'M2381', 'M2381|8144'),
(1867, 8, '8144', 'M2382', 'M2382|8144'),
(1868, 8, '8144', 'M2383', 'M2383|8144'),
(1869, 8, '8144', 'M2384', 'M2384|8144'),
(1870, 8, '8144', 'M2385', 'M2385|8144'),
(1871, 8, '8144', 'M2386', 'M2386|8144'),
(1872, 8, '8144', 'M2387', 'M2387|8144'),
(1873, 8, '8144', 'M2389', 'M2389|8144'),
(1874, 8, '8144', 'M239', 'M239|8144'),
(1875, 8, '8144', 'M2390', 'M2390|8144'),
(1876, 8, '8144', 'M2391', 'M2391|8144'),
(1877, 8, '8144', 'M2392', 'M2392|8144'),
(1878, 8, '8144', 'M2393', 'M2393|8144'),
(1879, 8, '8144', 'M2394', 'M2394|8144'),
(1880, 8, '8144', 'M2395', 'M2395|8144'),
(1881, 8, '8144', 'M2396', 'M2396|8144'),
(1882, 8, '8144', 'M2397', 'M2397|8144'),
(1883, 8, '8144', 'M2399', 'M2399|8144'),
(1884, 8, '8145', 'M230', 'M230|8145'),
(1885, 8, '8145', 'M2300', 'M2300|8145'),
(1886, 8, '8145', 'M2301', 'M2301|8145'),
(1887, 8, '8145', 'M2302', 'M2302|8145'),
(1888, 8, '8145', 'M2303', 'M2303|8145'),
(1889, 8, '8145', 'M2304', 'M2304|8145'),
(1890, 8, '8145', 'M2305', 'M2305|8145'),
(1891, 8, '8145', 'M2306', 'M2306|8145'),
(1892, 8, '8145', 'M2309', 'M2309|8145'),
(1893, 8, '8145', 'M231', 'M231|8145'),
(1894, 8, '8145', 'M2310', 'M2310|8145'),
(1895, 8, '8145', 'M2311', 'M2311|8145'),
(1896, 8, '8145', 'M2312', 'M2312|8145'),
(1897, 8, '8145', 'M2313', 'M2313|8145'),
(1898, 8, '8145', 'M2314', 'M2314|8145'),
(1899, 8, '8145', 'M2315', 'M2315|8145'),
(1900, 8, '8145', 'M2316', 'M2316|8145'),
(1901, 8, '8145', 'M2319', 'M2319|8145'),
(1902, 8, '8145', 'M232', 'M232|8145'),
(1903, 8, '8145', 'M2320', 'M2320|8145'),
(1904, 8, '8145', 'M2321', 'M2321|8145'),
(1905, 8, '8145', 'M2322', 'M2322|8145'),
(1906, 8, '8145', 'M2323', 'M2323|8145'),
(1907, 8, '8145', 'M2324', 'M2324|8145'),
(1908, 8, '8145', 'M2325', 'M2325|8145'),
(1909, 8, '8145', 'M2326', 'M2326|8145'),
(1910, 8, '8145', 'M2329', 'M2329|8145'),
(1911, 8, '8145', 'M233', 'M233|8145'),
(1912, 8, '8145', 'M2330', 'M2330|8145'),
(1913, 8, '8145', 'M2331', 'M2331|8145'),
(1914, 8, '8145', 'M2332', 'M2332|8145'),
(1915, 8, '8145', 'M2333', 'M2333|8145'),
(1916, 8, '8145', 'M2334', 'M2334|8145'),
(1917, 8, '8145', 'M2335', 'M2335|8145'),
(1918, 8, '8145', 'M2336', 'M2336|8145'),
(1919, 8, '8145', 'M2339', 'M2339|8145'),
(1920, 8, '8145', 'M234', 'M234|8145'),
(1921, 8, '8145', 'M2340', 'M2340|8145'),
(1922, 8, '8145', 'M2349', 'M2349|8145'),
(1923, 8, '8145', 'M235', 'M235|8145'),
(1924, 8, '8145', 'M2350', 'M2350|8145'),
(1925, 8, '8145', 'M2351', 'M2351|8145'),
(1926, 8, '8145', 'M2352', 'M2352|8145'),
(1927, 8, '8145', 'M2353', 'M2353|8145'),
(1928, 8, '8145', 'M2354', 'M2354|8145'),
(1929, 8, '8145', 'M2355', 'M2355|8145'),
(1930, 8, '8145', 'M2356', 'M2356|8145'),
(1931, 8, '8145', 'M2357', 'M2357|8145'),
(1932, 8, '8145', 'M2359', 'M2359|8145'),
(1933, 8, '8145', 'M236', 'M236|8145'),
(1934, 8, '8145', 'M2360', 'M2360|8145'),
(1935, 8, '8145', 'M2361', 'M2361|8145'),
(1936, 8, '8145', 'M2362', 'M2362|8145'),
(1937, 8, '8145', 'M2363', 'M2363|8145'),
(1938, 8, '8145', 'M2364', 'M2364|8145'),
(1939, 8, '8145', 'M2367', 'M2367|8145'),
(1940, 8, '8145', 'M2369', 'M2369|8145'),
(1941, 8, '8145', 'M238', 'M238|8145'),
(1942, 8, '8145', 'M2380', 'M2380|8145'),
(1943, 8, '8145', 'M2381', 'M2381|8145'),
(1944, 8, '8145', 'M2382', 'M2382|8145'),
(1945, 8, '8145', 'M2383', 'M2383|8145'),
(1946, 8, '8145', 'M2384', 'M2384|8145'),
(1947, 8, '8145', 'M2385', 'M2385|8145'),
(1948, 8, '8145', 'M2386', 'M2386|8145'),
(1949, 8, '8145', 'M2387', 'M2387|8145'),
(1950, 8, '8145', 'M2389', 'M2389|8145'),
(1951, 8, '8145', 'M239', 'M239|8145'),
(1952, 8, '8145', 'M2390', 'M2390|8145'),
(1953, 8, '8145', 'M2391', 'M2391|8145'),
(1954, 8, '8145', 'M2392', 'M2392|8145'),
(1955, 8, '8145', 'M2393', 'M2393|8145'),
(1956, 8, '8145', 'M2394', 'M2394|8145'),
(1957, 8, '8145', 'M2395', 'M2395|8145'),
(1958, 8, '8145', 'M2396', 'M2396|8145'),
(1959, 8, '8145', 'M2397', 'M2397|8145'),
(1960, 8, '8145', 'M2399', 'M2399|8145'),
(1961, 8, '8145', 'S8350', 'S8350|8145'),
(1962, 8, '8145', 'S8350', 'S8350|8145'),
(1963, 8, '8145', 'S8359', 'S8359|8145'),
(1964, 8, '8145', 'S8359', 'S8359|8145'),
(1965, 8, '8146', 'M230', 'M230|8146'),
(1966, 8, '8146', 'M2300', 'M2300|8146'),
(1967, 8, '8146', 'M2301', 'M2301|8146'),
(1968, 8, '8146', 'M2302', 'M2302|8146'),
(1969, 8, '8146', 'M2303', 'M2303|8146'),
(1970, 8, '8146', 'M2304', 'M2304|8146'),
(1971, 8, '8146', 'M2305', 'M2305|8146'),
(1972, 8, '8146', 'M2306', 'M2306|8146'),
(1973, 8, '8146', 'M2309', 'M2309|8146'),
(1974, 8, '8146', 'M231', 'M231|8146'),
(1975, 8, '8146', 'M2310', 'M2310|8146'),
(1976, 8, '8146', 'M2311', 'M2311|8146'),
(1977, 8, '8146', 'M2312', 'M2312|8146'),
(1978, 8, '8146', 'M2313', 'M2313|8146'),
(1979, 8, '8146', 'M2314', 'M2314|8146'),
(1980, 8, '8146', 'M2315', 'M2315|8146'),
(1981, 8, '8146', 'M2316', 'M2316|8146'),
(1982, 8, '8146', 'M2319', 'M2319|8146'),
(1983, 8, '8146', 'M232', 'M232|8146'),
(1984, 8, '8146', 'M2320', 'M2320|8146'),
(1985, 8, '8146', 'M2321', 'M2321|8146'),
(1986, 8, '8146', 'M2322', 'M2322|8146'),
(1987, 8, '8146', 'M2323', 'M2323|8146'),
(1988, 8, '8146', 'M2324', 'M2324|8146'),
(1989, 8, '8146', 'M2325', 'M2325|8146'),
(1990, 8, '8146', 'M2326', 'M2326|8146'),
(1991, 8, '8146', 'M2329', 'M2329|8146'),
(1992, 8, '8146', 'M233', 'M233|8146'),
(1993, 8, '8146', 'M2330', 'M2330|8146'),
(1994, 8, '8146', 'M2331', 'M2331|8146'),
(1995, 8, '8146', 'M2332', 'M2332|8146'),
(1996, 8, '8146', 'M2333', 'M2333|8146'),
(1997, 8, '8146', 'M2334', 'M2334|8146'),
(1998, 8, '8146', 'M2335', 'M2335|8146'),
(1999, 8, '8146', 'M2336', 'M2336|8146'),
(2000, 8, '8146', 'M2339', 'M2339|8146'),
(2001, 8, '8146', 'M234', 'M234|8146'),
(2002, 8, '8146', 'M2340', 'M2340|8146'),
(2003, 8, '8146', 'M2349', 'M2349|8146'),
(2004, 8, '8146', 'M235', 'M235|8146'),
(2005, 8, '8146', 'M2350', 'M2350|8146'),
(2006, 8, '8146', 'M2351', 'M2351|8146'),
(2007, 8, '8146', 'M2352', 'M2352|8146'),
(2008, 8, '8146', 'M2353', 'M2353|8146'),
(2009, 8, '8146', 'M2354', 'M2354|8146'),
(2010, 8, '8146', 'M2355', 'M2355|8146'),
(2011, 8, '8146', 'M2356', 'M2356|8146'),
(2012, 8, '8146', 'M2357', 'M2357|8146'),
(2013, 8, '8146', 'M2359', 'M2359|8146'),
(2014, 8, '8146', 'M236', 'M236|8146'),
(2015, 8, '8146', 'M2360', 'M2360|8146'),
(2016, 8, '8146', 'M2361', 'M2361|8146'),
(2017, 8, '8146', 'M2362', 'M2362|8146'),
(2018, 8, '8146', 'M2363', 'M2363|8146'),
(2019, 8, '8146', 'M2364', 'M2364|8146'),
(2020, 8, '8146', 'M2367', 'M2367|8146'),
(2021, 8, '8146', 'M2369', 'M2369|8146'),
(2022, 8, '8146', 'M238', 'M238|8146'),
(2023, 8, '8146', 'M2380', 'M2380|8146'),
(2024, 8, '8146', 'M2381', 'M2381|8146'),
(2025, 8, '8146', 'M2382', 'M2382|8146'),
(2026, 8, '8146', 'M2383', 'M2383|8146'),
(2027, 8, '8146', 'M2384', 'M2384|8146'),
(2028, 8, '8146', 'M2385', 'M2385|8146'),
(2029, 8, '8146', 'M2386', 'M2386|8146'),
(2030, 8, '8146', 'M2387', 'M2387|8146'),
(2031, 8, '8146', 'M2389', 'M2389|8146'),
(2032, 8, '8146', 'M239', 'M239|8146'),
(2033, 8, '8146', 'M2390', 'M2390|8146'),
(2034, 8, '8146', 'M2391', 'M2391|8146'),
(2035, 8, '8146', 'M2392', 'M2392|8146'),
(2036, 8, '8146', 'M2393', 'M2393|8146'),
(2037, 8, '8146', 'M2394', 'M2394|8146'),
(2038, 8, '8146', 'M2395', 'M2395|8146'),
(2039, 8, '8146', 'M2396', 'M2396|8146'),
(2040, 8, '8146', 'M2397', 'M2397|8146'),
(2041, 8, '8146', 'M2399', 'M2399|8146'),
(2042, 8, '8147', 'M230', 'M230|8147'),
(2043, 8, '8147', 'M2300', 'M2300|8147'),
(2044, 8, '8147', 'M2301', 'M2301|8147'),
(2045, 8, '8147', 'M2302', 'M2302|8147'),
(2046, 8, '8147', 'M2303', 'M2303|8147'),
(2047, 8, '8147', 'M2304', 'M2304|8147'),
(2048, 8, '8147', 'M2305', 'M2305|8147'),
(2049, 8, '8147', 'M2306', 'M2306|8147'),
(2050, 8, '8147', 'M2309', 'M2309|8147'),
(2051, 8, '8147', 'M231', 'M231|8147'),
(2052, 8, '8147', 'M2310', 'M2310|8147'),
(2053, 8, '8147', 'M2311', 'M2311|8147'),
(2054, 8, '8147', 'M2312', 'M2312|8147'),
(2055, 8, '8147', 'M2313', 'M2313|8147'),
(2056, 8, '8147', 'M2314', 'M2314|8147'),
(2057, 8, '8147', 'M2315', 'M2315|8147'),
(2058, 8, '8147', 'M2316', 'M2316|8147'),
(2059, 8, '8147', 'M2319', 'M2319|8147'),
(2060, 8, '8147', 'M232', 'M232|8147'),
(2061, 8, '8147', 'M2320', 'M2320|8147'),
(2062, 8, '8147', 'M2321', 'M2321|8147'),
(2063, 8, '8147', 'M2322', 'M2322|8147'),
(2064, 8, '8147', 'M2323', 'M2323|8147'),
(2065, 8, '8147', 'M2324', 'M2324|8147'),
(2066, 8, '8147', 'M2325', 'M2325|8147'),
(2067, 8, '8147', 'M2326', 'M2326|8147'),
(2068, 8, '8147', 'M2329', 'M2329|8147'),
(2069, 8, '8147', 'M233', 'M233|8147'),
(2070, 8, '8147', 'M2330', 'M2330|8147'),
(2071, 8, '8147', 'M2331', 'M2331|8147'),
(2072, 8, '8147', 'M2332', 'M2332|8147'),
(2073, 8, '8147', 'M2333', 'M2333|8147'),
(2074, 8, '8147', 'M2334', 'M2334|8147'),
(2075, 8, '8147', 'M2335', 'M2335|8147'),
(2076, 8, '8147', 'M2336', 'M2336|8147'),
(2077, 8, '8147', 'M2339', 'M2339|8147'),
(2078, 8, '8147', 'M234', 'M234|8147'),
(2079, 8, '8147', 'M2340', 'M2340|8147'),
(2080, 8, '8147', 'M2349', 'M2349|8147'),
(2081, 8, '8147', 'M235', 'M235|8147'),
(2082, 8, '8147', 'M2350', 'M2350|8147'),
(2083, 8, '8147', 'M2351', 'M2351|8147'),
(2084, 8, '8147', 'M2352', 'M2352|8147'),
(2085, 8, '8147', 'M2353', 'M2353|8147'),
(2086, 8, '8147', 'M2354', 'M2354|8147'),
(2087, 8, '8147', 'M2355', 'M2355|8147'),
(2088, 8, '8147', 'M2356', 'M2356|8147'),
(2089, 8, '8147', 'M2357', 'M2357|8147'),
(2090, 8, '8147', 'M2359', 'M2359|8147'),
(2091, 8, '8147', 'M236', 'M236|8147'),
(2092, 8, '8147', 'M2360', 'M2360|8147'),
(2093, 8, '8147', 'M2361', 'M2361|8147'),
(2094, 8, '8147', 'M2362', 'M2362|8147'),
(2095, 8, '8147', 'M2363', 'M2363|8147'),
(2096, 8, '8147', 'M2364', 'M2364|8147'),
(2097, 8, '8147', 'M2367', 'M2367|8147'),
(2098, 8, '8147', 'M2369', 'M2369|8147'),
(2099, 8, '8147', 'M238', 'M238|8147'),
(2100, 8, '8147', 'M2380', 'M2380|8147'),
(2101, 8, '8147', 'M2381', 'M2381|8147'),
(2102, 8, '8147', 'M2382', 'M2382|8147'),
(2103, 8, '8147', 'M2383', 'M2383|8147'),
(2104, 8, '8147', 'M2384', 'M2384|8147'),
(2105, 8, '8147', 'M2385', 'M2385|8147'),
(2106, 8, '8147', 'M2386', 'M2386|8147'),
(2107, 8, '8147', 'M2387', 'M2387|8147'),
(2108, 8, '8147', 'M2389', 'M2389|8147'),
(2109, 8, '8147', 'M239', 'M239|8147'),
(2110, 8, '8147', 'M2390', 'M2390|8147'),
(2111, 8, '8147', 'M2391', 'M2391|8147'),
(2112, 8, '8147', 'M2392', 'M2392|8147'),
(2113, 8, '8147', 'M2393', 'M2393|8147'),
(2114, 8, '8147', 'M2394', 'M2394|8147'),
(2115, 8, '8147', 'M2395', 'M2395|8147'),
(2116, 8, '8147', 'M2396', 'M2396|8147'),
(2117, 8, '8147', 'M2397', 'M2397|8147'),
(2118, 8, '8147', 'M2399', 'M2399|8147'),
(2119, 8, '8147', 'S223', 'S223|8147'),
(2120, 8, '8147', 'S2230', 'S2230|8147'),
(2121, 8, '8147', 'S2231', 'S2231|8147'),
(2122, 8, '8147', 'S224', 'S224|8147'),
(2123, 8, '8147', 'S2240', 'S2240|8147'),
(2124, 8, '8147', 'S2241', 'S2241|8147'),
(2125, 8, '8147', 'S832', 'S832|8147'),
(2126, 8, '8149', 'M230', 'M230|8149'),
(2127, 8, '8149', 'M2300', 'M2300|8149'),
(2128, 8, '8149', 'M2301', 'M2301|8149'),
(2129, 8, '8149', 'M2302', 'M2302|8149'),
(2130, 8, '8149', 'M2303', 'M2303|8149'),
(2131, 8, '8149', 'M2304', 'M2304|8149'),
(2132, 8, '8149', 'M2305', 'M2305|8149'),
(2133, 8, '8149', 'M2306', 'M2306|8149'),
(2134, 8, '8149', 'M2309', 'M2309|8149'),
(2135, 8, '8149', 'M231', 'M231|8149'),
(2136, 8, '8149', 'M2310', 'M2310|8149'),
(2137, 8, '8149', 'M2311', 'M2311|8149'),
(2138, 8, '8149', 'M2312', 'M2312|8149'),
(2139, 8, '8149', 'M2313', 'M2313|8149'),
(2140, 8, '8149', 'M2314', 'M2314|8149'),
(2141, 8, '8149', 'M2315', 'M2315|8149'),
(2142, 8, '8149', 'M2316', 'M2316|8149'),
(2143, 8, '8149', 'M2319', 'M2319|8149'),
(2144, 8, '8149', 'M232', 'M232|8149'),
(2145, 8, '8149', 'M2320', 'M2320|8149'),
(2146, 8, '8149', 'M2321', 'M2321|8149'),
(2147, 8, '8149', 'M2322', 'M2322|8149'),
(2148, 8, '8149', 'M2323', 'M2323|8149'),
(2149, 8, '8149', 'M2324', 'M2324|8149'),
(2150, 8, '8149', 'M2325', 'M2325|8149'),
(2151, 8, '8149', 'M2326', 'M2326|8149'),
(2152, 8, '8149', 'M2329', 'M2329|8149'),
(2153, 8, '8149', 'M233', 'M233|8149'),
(2154, 8, '8149', 'M2330', 'M2330|8149'),
(2155, 8, '8149', 'M2331', 'M2331|8149'),
(2156, 8, '8149', 'M2332', 'M2332|8149'),
(2157, 8, '8149', 'M2333', 'M2333|8149'),
(2158, 8, '8149', 'M2334', 'M2334|8149'),
(2159, 8, '8149', 'M2335', 'M2335|8149'),
(2160, 8, '8149', 'M2336', 'M2336|8149'),
(2161, 8, '8149', 'M2339', 'M2339|8149'),
(2162, 8, '8149', 'M234', 'M234|8149'),
(2163, 8, '8149', 'M2340', 'M2340|8149'),
(2164, 8, '8149', 'M2349', 'M2349|8149'),
(2165, 8, '8149', 'M235', 'M235|8149'),
(2166, 8, '8149', 'M2350', 'M2350|8149'),
(2167, 8, '8149', 'M2351', 'M2351|8149'),
(2168, 8, '8149', 'M2352', 'M2352|8149'),
(2169, 8, '8149', 'M2353', 'M2353|8149'),
(2170, 8, '8149', 'M2354', 'M2354|8149'),
(2171, 8, '8149', 'M2355', 'M2355|8149'),
(2172, 8, '8149', 'M2356', 'M2356|8149'),
(2173, 8, '8149', 'M2357', 'M2357|8149'),
(2174, 8, '8149', 'M2359', 'M2359|8149'),
(2175, 8, '8149', 'M236', 'M236|8149'),
(2176, 8, '8149', 'M2360', 'M2360|8149'),
(2177, 8, '8149', 'M2361', 'M2361|8149'),
(2178, 8, '8149', 'M2362', 'M2362|8149'),
(2179, 8, '8149', 'M2363', 'M2363|8149'),
(2180, 8, '8149', 'M2364', 'M2364|8149'),
(2181, 8, '8149', 'M2367', 'M2367|8149'),
(2182, 8, '8149', 'M2369', 'M2369|8149'),
(2183, 8, '8149', 'M238', 'M238|8149'),
(2184, 8, '8149', 'M2380', 'M2380|8149'),
(2185, 8, '8149', 'M2381', 'M2381|8149'),
(2186, 8, '8149', 'M2382', 'M2382|8149'),
(2187, 8, '8149', 'M2383', 'M2383|8149'),
(2188, 8, '8149', 'M2384', 'M2384|8149'),
(2189, 8, '8149', 'M2385', 'M2385|8149'),
(2190, 8, '8149', 'M2386', 'M2386|8149'),
(2191, 8, '8149', 'M2387', 'M2387|8149'),
(2192, 8, '8149', 'M2389', 'M2389|8149'),
(2193, 8, '8149', 'M239', 'M239|8149'),
(2194, 8, '8149', 'M2390', 'M2390|8149'),
(2195, 8, '8149', 'M2391', 'M2391|8149'),
(2196, 8, '8149', 'M2392', 'M2392|8149'),
(2197, 8, '8149', 'M2393', 'M2393|8149'),
(2198, 8, '8149', 'M2394', 'M2394|8149'),
(2199, 8, '8149', 'M2395', 'M2395|8149'),
(2200, 8, '8149', 'M2396', 'M2396|8149'),
(2201, 8, '8149', 'M2397', 'M2397|8149'),
(2202, 8, '8149', 'M2399', 'M2399|8149'),
(2203, 8, '8152', 'S720', 'S720|8152'),
(2204, 8, '8152', 'S7200', 'S7200|8152'),
(2205, 8, '8152', 'S7201', 'S7201|8152'),
(2206, 8, '8152', 'S721', 'S721|8152'),
(2207, 8, '8152', 'S7210', 'S7210|8152'),
(2208, 8, '8152', 'S7211', 'S7211|8152'),
(2209, 8, '8152', 'S722', 'S722|8152'),
(2210, 8, '8152', 'S7220', 'S7220|8152'),
(2211, 8, '8152', 'S7221', 'S7221|8152'),
(2212, 8, '8152', 'S723', 'S723|8152'),
(2213, 8, '8152', 'S7230', 'S7230|8152'),
(2214, 8, '8152', 'S7231', 'S7231|8152'),
(2215, 8, '8152', 'S724', 'S724|8152'),
(2216, 8, '8152', 'S7240', 'S7240|8152'),
(2217, 8, '8152', 'S72400', 'S72400|8152'),
(2218, 8, '8152', 'S72401', 'S72401|8152'),
(2219, 8, '8152', 'S72402', 'S72402|8152'),
(2220, 8, '8152', 'S72403', 'S72403|8152'),
(2221, 8, '8152', 'S72404', 'S72404|8152'),
(2222, 8, '8152', 'S72405', 'S72405|8152'),
(2223, 8, '8152', 'S72406', 'S72406|8152'),
(2224, 8, '8152', 'S72407', 'S72407|8152'),
(2225, 8, '8152', 'S72408', 'S72408|8152'),
(2226, 8, '8152', 'S72409', 'S72409|8152'),
(2227, 8, '8152', 'S7241', 'S7241|8152'),
(2228, 8, '8152', 'S727', 'S727|8152'),
(2229, 8, '8152', 'S7270', 'S7270|8152'),
(2230, 8, '8152', 'S7271', 'S7271|8152'),
(2231, 8, '8152', 'S728', 'S728|8152'),
(2232, 8, '8152', 'S7280', 'S7280|8152'),
(2233, 8, '8152', 'S7281', 'S7281|8152'),
(2234, 8, '8152', 'S729', 'S729|8152'),
(2235, 8, '8152', 'S7290', 'S7290|8152'),
(2236, 8, '8152', 'S7291', 'S7291|8152'),
(2237, 8, '8221', 'M674', 'M674|8221'),
(2238, 8, '8401', 'R02', 'R02|8401'),
(2239, 8, '8521', 'N602', 'N602|8521'),
(2240, 8, '8521', 'N63', 'N63|8521'),
(2241, 8, '8591', 'N603', 'N603|8591'),
(2242, 8, '8591', 'N61', 'N61|8591'),
(2243, 8, '8601', 'L60', 'L60|8601'),
(2244, 8, '8601', 'L600', 'L600|8601'),
(2245, 8, '8601', 'L601', 'L601|8601'),
(2246, 8, '8601', 'L602', 'L602|8601'),
(2247, 8, '8601', 'L603', 'L603|8601'),
(2248, 8, '8601', 'L604', 'L604|8601'),
(2249, 8, '8601', 'L605', 'L605|8601'),
(2250, 8, '8601', 'L608', 'L608|8601'),
(2251, 8, '8601', 'L609', 'L609|8601'),
(2252, 8, '8604', 'L02', 'L02|8604'),
(2253, 8, '8604', 'L020', 'L020|8604'),
(2254, 8, '8604', 'L021', 'L021|8604'),
(2255, 8, '8604', 'L022', 'L022|8604'),
(2256, 8, '8604', 'L023', 'L023|8604'),
(2257, 8, '8604', 'L024', 'L024|8604'),
(2258, 8, '8604', 'L028', 'L028|8604'),
(2259, 8, '8604', 'L029', 'L029|8604'),
(2260, 8, '8611', 'R220', 'R220|8611'),
(2261, 8, '8611', 'R221', 'R221|8611'),
(2262, 8, '8611', 'R222', 'R222|8611'),
(2263, 8, '8611', 'R223', 'R223|8611'),
(2264, 8, '8611', 'R224', 'R224|8611'),
(2265, 8, '8611', 'R227', 'R227|8611'),
(2266, 8, '8611', 'R229', 'R229|8611'),
(2267, 8, '8623', 'S601', 'S601|8623'),
(2268, 8, '8628', 'Z480', 'Z480|8628'),
(2269, 8, '8659', 'S611', 'S611|8659'),
(2270, 8, '8659', 'S810', 'S810|8659'),
(2271, 8, '8659', 'S817', 'S817|8659'),
(2272, 8, '8659', 'S818', 'S818|8659'),
(2273, 8, '8659', 'S819', 'S819|8659'),
(2274, 8, '8659', 'Z480', 'Z480|8659'),
(2275, 8, '8703', 'I618', 'I618|8703'),
(2276, 8, '8703', 'S065', 'S065|8703'),
(2277, 8, '8703', 'S0650', 'S0650|8703'),
(2278, 8, '8703', 'S0651', 'S0651|8703'),
(2279, 8, '8703', 'S069', 'S069|8703'),
(2280, 8, '8703', 'S0690', 'S0690|8703'),
(2281, 8, '8703', 'S0691', 'S0691|8703'),
(2282, 8, '8703', 'S098', 'S098|8703'),
(2283, 8, '8737', 'N600', 'N600|8737'),
(2284, 8, '8737', 'N61', 'N61|8737'),
(2285, 8, '8737', 'N63', 'N63|8737'),
(2286, 8, '8737', 'R92', 'R92|8737'),
(2287, 8, '8743', 'S223', 'S223|8743'),
(2288, 8, '8743', 'S2230', 'S2230|8743'),
(2289, 8, '8743', 'S2231', 'S2231|8743'),
(2290, 8, '8743', 'S224', 'S224|8743'),
(2291, 8, '8743', 'S2240', 'S2240|8743'),
(2292, 8, '8743', 'S2241', 'S2241|8743'),
(2293, 8, '8744', 'R92', 'R92|8744'),
(2294, 8, '8744', 'S201', 'S201|8744'),
(2295, 8, '8744', 'S223', 'S223|8744'),
(2296, 8, '8744', 'S2230', 'S2230|8744'),
(2297, 8, '8744', 'S2231', 'S2231|8744'),
(2298, 8, '8744', 'S224', 'S224|8744'),
(2299, 8, '8744', 'S2240', 'S2240|8744'),
(2300, 8, '8744', 'S2241', 'S2241|8744'),
(2301, 8, '8771', 'N202', 'N202|8771'),
(2302, 8, '8827', 'S800', 'S800|8827'),
(2303, 8, '8827', 'S801', 'S801|8827'),
(2304, 8, '8827', 'S807', 'S807|8827'),
(2305, 8, '8827', 'S808', 'S808|8827'),
(2306, 8, '8827', 'S8083', 'S8083|8827'),
(2307, 8, '8827', 'S809', 'S809|8827'),
(2308, 8, '8873', 'N601', 'N601|8873'),
(2309, 8, '8873', 'N61', 'N61|8873'),
(2310, 8, '8873', 'N63', 'N63|8873'),
(2311, 8, '8873', 'R92', 'R92|8873'),
(2312, 8, '8875', 'N390', 'N390|8875'),
(2313, 8, '8875', 'N40', 'N40|8875'),
(2314, 8, '8876', 'K358', 'K358|8876'),
(2315, 8, '8876', 'N201', 'N201|8876'),
(2316, 8, '8876', 'N390', 'N390|8876'),
(2317, 8, '8876', 'N40', 'N40|8876'),
(2318, 8, '8879', 'N390', 'N390|8879'),
(2319, 8, '8891', 'I618', 'I618|8891'),
(2320, 8, '8891', 'S065', 'S065|8891'),
(2321, 8, '8891', 'S0650', 'S0650|8891'),
(2322, 8, '8891', 'S0651', 'S0651|8891'),
(2323, 8, '8891', 'S069', 'S069|8891'),
(2324, 8, '8891', 'S0690', 'S0690|8891'),
(2325, 8, '8891', 'S0691', 'S0691|8891'),
(2326, 8, '8891', 'S098', 'S098|8891'),
(2327, 8, '8894', 'S832', 'S832|8894'),
(2328, 8, '8894', 'S835', 'S835|8894'),
(2329, 8, '8894', 'S835', 'S835|8894'),
(2330, 8, '8894', 'S8351', 'S8351|8894'),
(2331, 8, '8894', 'S8351', 'S8351|8894'),
(2332, 8, '9357', 'Z480', 'Z480|9357'),
(2333, 8, '9711', 'Z478', 'Z478|9711'),
(2334, 8, '9712', 'Z478', 'Z478|9712'),
(2335, 8, '9714', 'Z478', 'Z478|9714'),
(2336, 8, '9788', 'Z478', 'Z478|9788'),
(2337, 8, '9789', 'Z480', 'Z480|9789'),
(2338, 8, '9851', 'N209', 'N209|9851'),
(2339, 8, '9852', 'N209', 'N209|9852'),
(2340, 8, '9859', 'N209', 'N209|9859'),
(2341, 8, '9938', 'Z235', 'Z235|9938'),
(2342, 8, '9944', 'Z242', 'Z242|9944'),
(2345, 1, '0001', 'A00', 'A00|0001'),
(2347, 3, '0001', 'A00', 'A00|0001'),
(2348, 4, '0001', 'A00', 'A00|0001'),
(2349, 5, '0001', 'A00', 'A00|0001'),
(2350, 8, '0001', 'A00', 'A00|0001'),
(2351, 7, '0001', 'A00', 'A00|0001');

-- --------------------------------------------------------

--
-- Table structure for table `department`
--

CREATE TABLE `department` (
  `id_department` int(11) NOT NULL,
  `department_name` varchar(200) NOT NULL
) ENGINE=InnoDB DEFAULT CHARSET=utf8mb4 COLLATE=utf8mb4_general_ci;

--
-- Dumping data for table `department`
--

INSERT INTO `department` (`id_department`, `department_name`) VALUES
(1, 'Cardio'),
(2, 'Eye'),
(3, 'GI'),
(4, 'MED'),
(5, 'Neuro'),
(6, 'OBG'),
(7, 'PED'),
(8, 'Surg & Ortho');

-- --------------------------------------------------------

--
-- Table structure for table `history`
--

CREATE TABLE `history` (
  `id_history` int(11) NOT NULL,
  `transition` int(11) NOT NULL,
  `department` int(11) NOT NULL,
  `icd10` varchar(10) NOT NULL,
  `icd9` varchar(10) NOT NULL,
  `ip` varchar(16) NOT NULL,
  `timestamp` timestamp NOT NULL DEFAULT current_timestamp() ON UPDATE current_timestamp()
) ENGINE=InnoDB DEFAULT CHARSET=utf8mb4 COLLATE=utf8mb4_general_ci;

--
-- Dumping data for table `history`
--

INSERT INTO `history` (`id_history`, `transition`, `department`, `icd10`, `icd9`, `ip`, `timestamp`) VALUES
(47, 0, 1, 'A00', '0001', '::1', '2023-02-06 10:16:38'),
(48, 0, 1, 'A00', '0001', '::1', '2023-02-06 10:17:15'),
(49, 0, 1, 'A00', '0001', '::1', '2023-02-06 10:17:32'),
(50, 0, 1, 'A00', '0001', '::1', '2023-02-06 10:19:14'),
(51, 0, 2, 'A00', '0001', '::1', '2023-02-06 10:19:26'),
(52, 0, 3, 'A00', '0001', '::1', '2023-02-06 10:19:35'),
(53, 0, 4, 'A00', '0001', '::1', '2023-02-06 10:19:45'),
(54, 0, 5, 'A00', '0001', '::1', '2023-02-06 10:22:25'),
(55, 0, 8, 'A00', '0001', '::1', '2023-02-06 10:22:39'),
(56, 0, 7, 'A00', '0001', '::1', '2023-02-06 10:23:00'),
(57, 0, 2, 'A00', '0001', '::1', '2023-02-06 10:24:19');

--
-- Indexes for dumped tables
--

--
-- Indexes for table `base`
--
ALTER TABLE `base`
  ADD PRIMARY KEY (`id_base`);

--
-- Indexes for table `department`
--
ALTER TABLE `department`
  ADD PRIMARY KEY (`id_department`);

--
-- Indexes for table `history`
--
ALTER TABLE `history`
  ADD PRIMARY KEY (`id_history`);

--
-- AUTO_INCREMENT for dumped tables
--

--
-- AUTO_INCREMENT for table `base`
--
ALTER TABLE `base`
  MODIFY `id_base` int(11) NOT NULL AUTO_INCREMENT, AUTO_INCREMENT=2352;

--
-- AUTO_INCREMENT for table `department`
--
ALTER TABLE `department`
  MODIFY `id_department` int(11) NOT NULL AUTO_INCREMENT, AUTO_INCREMENT=9;

--
-- AUTO_INCREMENT for table `history`
--
ALTER TABLE `history`
  MODIFY `id_history` int(11) NOT NULL AUTO_INCREMENT, AUTO_INCREMENT=58;
COMMIT;

/*!40101 SET CHARACTER_SET_CLIENT=@OLD_CHARACTER_SET_CLIENT */;
/*!40101 SET CHARACTER_SET_RESULTS=@OLD_CHARACTER_SET_RESULTS */;
/*!40101 SET COLLATION_CONNECTION=@OLD_COLLATION_CONNECTION */;
